LocalTime, GPSTime, ESSID, BSSID, Power, Security, Latitude, Longitude, Latitude Error, Longitude Error, Type
2026-07-29 02:12:56,1900-01-00 00:00:00,,98:A9:42:45:C3:0F,-25, ,0.000000,0.000000,0.000,0.000,AP
2026-07-29 02:12:56,1900-01-00 00:00:00,MTN_4G_45C30F,98:A9:42:45:C3:0F,-25, WPA2 ,0.000000,0.000000,0.000,0.000,AP
2026-07-29 02:12:56,1900-01-00 00:00:00,MTN_4G_45C30F,98:A9:42:45:C3:0F,-25, WPA2 ,0.000000,0.000000,0.000,0.000,AP
2026-07-29 02:12:56,1900-01-00 00:00:00,MTN_4G_45C30F,98:A9:42:45:C3:0F,-25, WPA2 ,0.000000,0.000000,0.000,0.000,AP
2026-07-29 02:12:56,1900-01-00 00:00:00,MTN_4G_45C30F,98:A9:42:45:C3:0F,-25, WPA2 ,0.000000,0.000000,0.000,0.000,AP
2026-07-29 02:12:57,1900-01-00 00:00:00,MTN_4G_45C30F,98:A9:42:45:C3:0F,-26, WPA2 ,0.000000,0.000000,0.000,0.000,AP
2026-07-29 02:12:57,1900-01-00 00:00:00,MTN_4G_45C30F,98:A9:42:45:C3:0F,-26, WPA2 ,0.000000,0.000000,0.000,0.000,AP
2026-07-29 02:12:57,1900-01-00 00:00:00,,5E:EE:FC:DC:AF:21,-40,,0.000000,0.000000,0.000,0.000,Client
2026-07-29 02:12:57,1900-01-00 00:00:00,,5E:EE:FC:DC:AF:21,-40,,0.000000,0.000000,0.000,0.000,Client
2026-07-29 02:12:57,1900-01-00 00:00:00,,5E:EE:FC:DC:AF:21,-38,,0.000000,0.000000,0.000,0.000,Client
2026-07-29 02:12:57,1900-01-00 00:00:00,MTN_4G_45C30F,98:A9:42:45:C3:0F,-27, WPA2 ,0.000000,0.000000,0.000,0.000,AP
2026-07-29 02:12:57,1900-01-00 00:00:00,MTN_4G_45C30F,98:A9:42:45:C3:0F,-26, WPA2 ,0.000000,0.000000,0.000,0.000,AP
2026-07-29 02:12:57,1900-01-00 00:00:00,,5E:EE:FC:DC:AF:21,-37,,0.000000,0.000000,0.000,0.000,Client
2026-07-29 02:12:57,1900-01-00 00:00:00,MTN_4G_45C30F,98:A9:42:45:C3:0F,-26, WPA2 ,0.000000,0.000000,0.000,0.000,AP
2026-07-29 02:12:57,1900-01-00 00:00:00,MTN_4G_45C30F,98:A9:42:45:C3:0F,-27, WPA2 ,0.000000,0.000000,0.000,0.000,AP
2026-07-29 02:12:57,1900-01-00 00:00:00,MTN_4G_45C30F,98:A9:42:45:C3:0F,-27, WPA2 ,0.000000,0.000000,0.000,0.000,AP
2026-07-29 02:12:57,1900-01-00 00:00:00,MTN_4G_45C30F,98:A9:42:45:C3:0F,-26, WPA2 ,0.000000,0.000000,0.000,0.000,AP
2026-07-29 02:12:57,1900-01-00 00:00:00,MTN_4G_45C30F,98:A9:42:45:C3:0F,-26, WPA2 ,0.000000,0.000000,0.000,0.000,AP
2026-07-29 02:12:57,1900-01-00 00:00:00,MTN_4G_45C30F,98:A9:42:45:C3:0F,-26, WPA2 ,0.000000,0.000000,0.000,0.000,AP
2026-07-29 02:12:58,1900-01-00 00:00:00,MTN_4G_45C30F,98:A9:42:45:C3:0F,-26, WPA2 ,0.000000,0.000000,0.000,0.000,AP
2026-07-29 02:12:58,1900-01-00 00:00:00,MTN_4G_45C30F,98:A9:42:45:C3:0F,-26, WPA2 ,0.000000,0.000000,0.000,0.000,AP
2026-07-29 02:12:58,1900-01-00 00:00:00,MTN_4G_45C30F,98:A9:42:45:C3:0F,-26, WPA2 ,0.000000,0.000000,0.000,0.000,AP
2026-07-29 02:12:58,1900-01-00 00:00:00,MTN_4G_45C30F,98:A9:42:45:C3:0F,-26, WPA2 ,0.000000,0.000000,0.000,0.000,AP
2026-07-29 02:12:58,1900-01-00 00:00:00,MTN_4G_45C30F,98:A9:42:45:C3:0F,-26, WPA2 ,0.000000,0.000000,0.000,0.000,AP
2026-07-29 02:12:58,1900-01-00 00:00:00,MTN_4G_45C30F,98:A9:42:45:C3:0F,-26, WPA2 ,0.000000,0.000000,0.000,0.000,AP
2026-07-29 02:12:58,1900-01-00 00:00:00,MTN_4G_45C30F,98:A9:42:45:C3:0F,-26, WPA2 ,0.000000,0.000000,0.000,0.000,AP
2026-07-29 02:12:58,1900-01-00 00:00:00,MTN_4G_45C30F,98:A9:42:45:C3:0F,-26, WPA2 ,0.000000,0.000000,0.000,0.000,AP
2026-07-29 02:12:58,1900-01-00 00:00:00,MTN_4G_45C30F,98:A9:42:45:C3:0F,-25, WPA2 ,0.000000,0.000000,0.000,0.000,AP
2026-07-29 02:12:58,1900-01-00 00:00:00,MTN_4G_45C30F,98:A9:42:45:C3:0F,-25, WPA2 ,0.000000,0.000000,0.000,0.000,AP
2026-07-29 02:12:59,1900-01-00 00:00:00,MTN_4G_45C30F,98:A9:42:45:C3:0F,-26, WPA2 ,0.000000,0.000000,0.000,0.000,AP
2026-07-29 02:12:59,1900-01-00 00:00:00,,5E:EE:FC:DC:AF:21,-31,,0.000000,0.000000,0.000,0.000,Client
2026-07-29 02:12:59,1900-01-00 00:00:00,,5E:EE:FC:DC:AF:21,-31,,0.000000,0.000000,0.000,0.000,Client
2026-07-29 02:12:59,1900-01-00 00:00:00,,5E:EE:FC:DC:AF:21,-31,,0.000000,0.000000,0.000,0.000,Client
2026-07-29 02:12:59,1900-01-00 00:00:00,,5E:EE:FC:DC:AF:21,-28,,0.000000,0.000000,0.000,0.000,Client
2026-07-29 02:12:59,1900-01-00 00:00:00,MTN_4G_45C30F,98:A9:42:45:C3:0F,-26, WPA2 ,0.000000,0.000000,0.000,0.000,AP
2026-07-29 02:12:59,1900-01-00 00:00:00,MTN_4G_45C30F,98:A9:42:45:C3:0F,-25, WPA2 ,0.000000,0.000000,0.000,0.000,AP
2026-07-29 02:12:59,1900-01-00 00:00:00,,5E:EE:FC:DC:AF:21,-29,,0.000000,0.000000,0.000,0.000,Client
2026-07-29 02:12:59,1900-01-00 00:00:00,MTN_4G_45C30F,98:A9:42:45:C3:0F,-26, WPA2 ,0.000000,0.000000,0.000,0.000,AP
2026-07-29 02:12:59,1900-01-00 00:00:00,MTN_4G_45C30F,98:A9:42:45:C3:0F,-26, WPA2 ,0.000000,0.000000,0.000,0.000,AP
2026-07-29 02:12:59,1900-01-00 00:00:00,MTN_4G_45C30F,98:A9:42:45:C3:0F,-26, WPA2 ,0.000000,0.000000,0.000,0.000,AP
2026-07-29 02:12:59,1900-01-00 00:00:00,MTN_4G_45C30F,98:A9:42:45:C3:0F,-25, WPA2 ,0.000000,0.000000,0.000,0.000,AP
2026-07-29 02:12:59,1900-01-00 00:00:00,MTN_4G_45C30F,98:A9:42:45:C3:0F,-26, WPA2 ,0.000000,0.000000,0.000,0.000,AP
2026-07-29 02:12:59,1900-01-00 00:00:00,,5E:EE:FC:DC:AF:21,-28,,0.000000,0.000000,0.000,0.000,Client
2026-07-29 02:12:59,1900-01-00 00:00:00,MTN_4G_45C30F,98:A9:42:45:C3:0F,-26, WPA2 ,0.000000,0.000000,0.000,0.000,AP
2026-07-29 02:12:59,1900-01-00 00:00:00,MTN_4G_45C30F,98:A9:42:45:C3:0F,-26, WPA2 ,0.000000,0.000000,0.000,0.000,AP
2026-07-29 02:13:00,1900-01-00 00:00:00,MTN_4G_45C30F,98:A9:42:45:C3:0F,-25, WPA2 ,0.000000,0.000000,0.000,0.000,AP
2026-07-29 02:13:00,1900-01-00 00:00:00,MTN_4G_45C30F,98:A9:42:45:C3:0F,-25, WPA2 ,0.000000,0.000000,0.000,0.000,AP
2026-07-29 02:13:00,1900-01-00 00:00:00,MTN_4G_45C30F,98:A9:42:45:C3:0F,-25, WPA2 ,0.000000,0.000000,0.000,0.000,AP
2026-07-29 02:13:00,1900-01-00 00:00:00,MTN_4G_45C30F,98:A9:42:45:C3:0F,-26, WPA2 ,0.000000,0.000000,0.000,0.000,AP
2026-07-29 02:13:00,1900-01-00 00:00:00,MTN_4G_45C30F,98:A9:42:45:C3:0F,-26, WPA2 ,0.000000,0.000000,0.000,0.000,AP
2026-07-29 02:13:00,1900-01-00 00:00:00,MTN_4G_45C30F,98:A9:42:45:C3:0F,-26, WPA2 ,0.000000,0.000000,0.000,0.000,AP
2026-07-29 02:13:00,1900-01-00 00:00:00,MTN_4G_45C30F,98:A9:42:45:C3:0F,-25, WPA2 ,0.000000,0.000000,0.000,0.000,AP
2026-07-29 02:13:00,1900-01-00 00:00:00,MTN_4G_45C30F,98:A9:42:45:C3:0F,-25, WPA2 ,0.000000,0.000000,0.000,0.000,AP
2026-07-29 02:13:00,1900-01-00 00:00:00,MTN_4G_45C30F,98:A9:42:45:C3:0F,-25, WPA2 ,0.000000,0.000000,0.000,0.000,AP
2026-07-29 02:13:00,1900-01-00 00:00:00,MTN_4G_45C30F,98:A9:42:45:C3:0F,-25, WPA2 ,0.000000,0.000000,0.000,0.000,AP
2026-07-29 02:13:00,1900-01-00 00:00:00,MTN_4G_45C30F,98:A9:42:45:C3:0F,-26, WPA2 ,0.000000,0.000000,0.000,0.000,AP
2026-07-29 02:13:00,1900-01-00 00:00:00,MTN_4G_45C30F,98:A9:42:45:C3:0F,-26, WPA2 ,0.000000,0.000000,0.000,0.000,AP
2026-07-29 02:13:00,1900-01-00 00:00:00,MTN_4G_45C30F,98:A9:42:45:C3:0F,-25, WPA2 ,0.000000,0.000000,0.000,0.000,AP
2026-07-29 02:13:00,1900-01-00 00:00:00,MTN_4G_45C30F,98:A9:42:45:C3:0F,-24, WPA2 ,0.000000,0.000000,0.000,0.000,AP
2026-07-29 02:13:00,1900-01-00 00:00:00,MTN_4G_45C30F,98:A9:42:45:C3:0F,-25, WPA2 ,0.000000,0.000000,0.000,0.000,AP
2026-07-29 02:13:00,1900-01-00 00:00:00,MTN_4G_45C30F,98:A9:42:45:C3:0F,-26, WPA2 ,0.000000,0.000000,0.000,0.000,AP
2026-07-29 02:13:00,1900-01-00 00:00:00,MTN_4G_45C30F,98:A9:42:45:C3:0F,-26, WPA2 ,0.000000,0.000000,0.000,0.000,AP
2026-07-29 02:13:00,1900-01-00 00:00:00,MTN_4G_45C30F,98:A9:42:45:C3:0F,-26, WPA2 ,0.000000,0.000000,0.000,0.000,AP
2026-07-29 02:13:00,1900-01-00 00:00:00,MTN_4G_45C30F,98:A9:42:45:C3:0F,-26, WPA2 ,0.000000,0.000000,0.000,0.000,AP
2026-07-29 02:13:01,1900-01-00 00:00:00,MTN_4G_45C30F,98:A9:42:45:C3:0F,-25, WPA2 ,0.000000,0.000000,0.000,0.000,AP
2026-07-29 02:13:01,1900-01-00 00:00:00,MTN_4G_45C30F,98:A9:42:45:C3:0F,-26, WPA2 ,0.000000,0.000000,0.000,0.000,AP
2026-07-29 02:13:01,1900-01-00 00:00:00,MTN_4G_45C30F,98:A9:42:45:C3:0F,-26, WPA2 ,0.000000,0.000000,0.000,0.000,AP
2026-07-29 02:13:01,1900-01-00 00:00:00,MTN_4G_45C30F,98:A9:42:45:C3:0F,-25, WPA2 ,0.000000,0.000000,0.000,0.000,AP
2026-07-29 02:13:01,1900-01-00 00:00:00,MTN_4G_45C30F,98:A9:42:45:C3:0F,-26, WPA2 ,0.000000,0.000000,0.000,0.000,AP
2026-07-29 02:13:01,1900-01-00 00:00:00,MTN_4G_45C30F,98:A9:42:45:C3:0F,-25, WPA2 ,0.000000,0.000000,0.000,0.000,AP
2026-07-29 02:13:01,1900-01-00 00:00:00,MTN_4G_45C30F,98:A9:42:45:C3:0F,-26, WPA2 ,0.000000,0.000000,0.000,0.000,AP
2026-07-29 02:13:01,1900-01-00 00:00:00,MTN_4G_45C30F,98:A9:42:45:C3:0F,-25, WPA2 ,0.000000,0.000000,0.000,0.000,AP
2026-07-29 02:13:01,1900-01-00 00:00:00,MTN_4G_45C30F,98:A9:42:45:C3:0F,-25, WPA2 ,0.000000,0.000000,0.000,0.000,AP
2026-07-29 02:13:01,1900-01-00 00:00:00,MTN_4G_45C30F,98:A9:42:45:C3:0F,-25, WPA2 ,0.000000,0.000000,0.000,0.000,AP
2026-07-29 02:13:02,1900-01-00 00:00:00,MTN_4G_45C30F,98:A9:42:45:C3:0F,-26, WPA2 ,0.000000,0.000000,0.000,0.000,AP
2026-07-29 02:13:02,1900-01-00 00:00:00,MTN_4G_45C30F,98:A9:42:45:C3:0F,-25, WPA2 ,0.000000,0.000000,0.000,0.000,AP
2026-07-29 02:13:02,1900-01-00 00:00:00,MTN_4G_45C30F,98:A9:42:45:C3:0F,-25, WPA2 ,0.000000,0.000000,0.000,0.000,AP
2026-07-29 02:13:02,1900-01-00 00:00:00,MTN_4G_45C30F,98:A9:42:45:C3:0F,-25, WPA2 ,0.000000,0.000000,0.000,0.000,AP
2026-07-29 02:13:02,1900-01-00 00:00:00,MTN_4G_45C30F,98:A9:42:45:C3:0F,-25, WPA2 ,0.000000,0.000000,0.000,0.000,AP
2026-07-29 02:13:02,1900-01-00 00:00:00,MTN_4G_45C30F,98:A9:42:45:C3:0F,-25, WPA2 ,0.000000,0.000000,0.000,0.000,AP
2026-07-29 02:13:02,1900-01-00 00:00:00,MTN_4G_45C30F,98:A9:42:45:C3:0F,-25, WPA2 ,0.000000,0.000000,0.000,0.000,AP
2026-07-29 02:13:02,1900-01-00 00:00:00,MTN_4G_45C30F,98:A9:42:45:C3:0F,-25, WPA2 ,0.000000,0.000000,0.000,0.000,AP
2026-07-29 02:13:02,1900-01-00 00:00:00,MTN_4G_45C30F,98:A9:42:45:C3:0F,-25, WPA2 ,0.000000,0.000000,0.000,0.000,AP
2026-07-29 02:13:02,1900-01-00 00:00:00,MTN_4G_45C30F,98:A9:42:45:C3:0F,-25, WPA2 ,0.000000,0.000000,0.000,0.000,AP
2026-07-29 02:13:03,1900-01-00 00:00:00,MTN_4G_45C30F,98:A9:42:45:C3:0F,-25, WPA2 ,0.000000,0.000000,0.000,0.000,AP
2026-07-29 02:13:03,1900-01-00 00:00:00,MTN_4G_45C30F,98:A9:42:45:C3:0F,-25, WPA2 ,0.000000,0.000000,0.000,0.000,AP
2026-07-29 02:13:03,1900-01-00 00:00:00,MTN_4G_45C30F,98:A9:42:45:C3:0F,-25, WPA2 ,0.000000,0.000000,0.000,0.000,AP
2026-07-29 02:13:03,1900-01-00 00:00:00,MTN_4G_45C30F,98:A9:42:45:C3:0F,-25, WPA2 ,0.000000,0.000000,0.000,0.000,AP
2026-07-29 02:13:03,1900-01-00 00:00:00,MTN_4G_45C30F,98:A9:42:45:C3:0F,-25, WPA2 ,0.000000,0.000000,0.000,0.000,AP
2026-07-29 02:13:03,1900-01-00 00:00:00,MTN_4G_45C30F,98:A9:42:45:C3:0F,-26, WPA2 ,0.000000,0.000000,0.000,0.000,AP
2026-07-29 02:13:03,1900-01-00 00:00:00,MTN_4G_45C30F,98:A9:42:45:C3:0F,-26, WPA2 ,0.000000,0.000000,0.000,0.000,AP
2026-07-29 02:13:03,1900-01-00 00:00:00,MTN_4G_45C30F,98:A9:42:45:C3:0F,-26, WPA2 ,0.000000,0.000000,0.000,0.000,AP
2026-07-29 02:13:03,1900-01-00 00:00:00,MTN_4G_45C30F,98:A9:42:45:C3:0F,-25, WPA2 ,0.000000,0.000000,0.000,0.000,AP
2026-07-29 02:13:03,1900-01-00 00:00:00,MTN_4G_45C30F,98:A9:42:45:C3:0F,-26, WPA2 ,0.000000,0.000000,0.000,0.000,AP
2026-07-29 02:13:03,1900-01-00 00:00:00,MTN_4G_45C30F,98:A9:42:45:C3:0F,-26, WPA2 ,0.000000,0.000000,0.000,0.000,AP
2026-07-29 02:13:03,1900-01-00 00:00:00,MTN_4G_45C30F,98:A9:42:45:C3:0F,-25, WPA2 ,0.000000,0.000000,0.000,0.000,AP
2026-07-29 02:13:03,1900-01-00 00:00:00,MTN_4G_45C30F,98:A9:42:45:C3:0F,-26, WPA2 ,0.000000,0.000000,0.000,0.000,AP
2026-07-29 02:13:03,1900-01-00 00:00:00,MTN_4G_45C30F,98:A9:42:45:C3:0F,-25, WPA2 ,0.000000,0.000000,0.000,0.000,AP
2026-07-29 02:13:03,1900-01-00 00:00:00,MTN_4G_45C30F,98:A9:42:45:C3:0F,-26, WPA2 ,0.000000,0.000000,0.000,0.000,AP
2026-07-29 02:13:04,1900-01-00 00:00:00,MTN_4G_45C30F,98:A9:42:45:C3:0F,-26, WPA2 ,0.000000,0.000000,0.000,0.000,AP
2026-07-29 02:13:04,1900-01-00 00:00:00,MTN_4G_45C30F,98:A9:42:45:C3:0F,-25, WPA2 ,0.000000,0.000000,0.000,0.000,AP
2026-07-29 02:13:04,1900-01-00 00:00:00,MTN_4G_45C30F,98:A9:42:45:C3:0F,-25, WPA2 ,0.000000,0.000000,0.000,0.000,AP
2026-07-29 02:13:04,1900-01-00 00:00:00,MTN_4G_45C30F,98:A9:42:45:C3:0F,-25, WPA2 ,0.000000,0.000000,0.000,0.000,AP
2026-07-29 02:13:04,1900-01-00 00:00:00,MTN_4G_45C30F,98:A9:42:45:C3:0F,-25, WPA2 ,0.000000,0.000000,0.000,0.000,AP
2026-07-29 02:13:04,1900-01-00 00:00:00,MTN_4G_45C30F,98:A9:42:45:C3:0F,-25, WPA2 ,0.000000,0.000000,0.000,0.000,AP
2026-07-29 02:13:04,1900-01-00 00:00:00,MTN_4G_45C30F,98:A9:42:45:C3:0F,-25, WPA2 ,0.000000,0.000000,0.000,0.000,AP
2026-07-29 02:13:04,1900-01-00 00:00:00,MTN_4G_45C30F,98:A9:42:45:C3:0F,-25, WPA2 ,0.000000,0.000000,0.000,0.000,AP
2026-07-29 02:13:04,1900-01-00 00:00:00,MTN_4G_45C30F,98:A9:42:45:C3:0F,-26, WPA2 ,0.000000,0.000000,0.000,0.000,AP
2026-07-29 02:13:04,1900-01-00 00:00:00,MTN_4G_45C30F,98:A9:42:45:C3:0F,-25, WPA2 ,0.000000,0.000000,0.000,0.000,AP
2026-07-29 02:13:05,1900-01-00 00:00:00,MTN_4G_45C30F,98:A9:42:45:C3:0F,-25, WPA2 ,0.000000,0.000000,0.000,0.000,AP
2026-07-29 02:13:05,1900-01-00 00:00:00,MTN_4G_45C30F,98:A9:42:45:C3:0F,-26, WPA2 ,0.000000,0.000000,0.000,0.000,AP
2026-07-29 02:13:05,1900-01-00 00:00:00,MTN_4G_45C30F,98:A9:42:45:C3:0F,-26, WPA2 ,0.000000,0.000000,0.000,0.000,AP
2026-07-29 02:13:05,1900-01-00 00:00:00,MTN_4G_45C30F,98:A9:42:45:C3:0F,-26, WPA2 ,0.000000,0.000000,0.000,0.000,AP
2026-07-29 02:13:05,1900-01-00 00:00:00,MTN_4G_45C30F,98:A9:42:45:C3:0F,-26, WPA2 ,0.000000,0.000000,0.000,0.000,AP
2026-07-29 02:13:05,1900-01-00 00:00:00,MTN_4G_45C30F,98:A9:42:45:C3:0F,-26, WPA2 ,0.000000,0.000000,0.000,0.000,AP
2026-07-29 02:13:05,1900-01-00 00:00:00,MTN_4G_45C30F,98:A9:42:45:C3:0F,-25, WPA2 ,0.000000,0.000000,0.000,0.000,AP
2026-07-29 02:13:05,1900-01-00 00:00:00,MTN_4G_45C30F,98:A9:42:45:C3:0F,-25, WPA2 ,0.000000,0.000000,0.000,0.000,AP
2026-07-29 02:13:05,1900-01-00 00:00:00,MTN_4G_45C30F,98:A9:42:45:C3:0F,-25, WPA2 ,0.000000,0.000000,0.000,0.000,AP
2026-07-29 02:13:06,1900-01-00 00:00:00,MTN_4G_45C30F,98:A9:42:45:C3:0F,-25, WPA2 ,0.000000,0.000000,0.000,0.000,AP
2026-07-29 02:13:06,1900-01-00 00:00:00,MTN_4G_45C30F,98:A9:42:45:C3:0F,-26, WPA2 ,0.000000,0.000000,0.000,0.000,AP
2026-07-29 02:13:06,1900-01-00 00:00:00,MTN_4G_45C30F,98:A9:42:45:C3:0F,-26, WPA2 ,0.000000,0.000000,0.000,0.000,AP
2026-07-29 02:13:06,1900-01-00 00:00:00,MTN_4G_45C30F,98:A9:42:45:C3:0F,-26, WPA2 ,0.000000,0.000000,0.000,0.000,AP
2026-07-29 02:13:06,1900-01-00 00:00:00,MTN_4G_45C30F,98:A9:42:45:C3:0F,-26, WPA2 ,0.000000,0.000000,0.000,0.000,AP
2026-07-29 02:13:06,1900-01-00 00:00:00,MTN_4G_45C30F,98:A9:42:45:C3:0F,-26, WPA2 ,0.000000,0.000000,0.000,0.000,AP
2026-07-29 02:13:06,1900-01-00 00:00:00,MTN_4G_45C30F,98:A9:42:45:C3:0F,-26, WPA2 ,0.000000,0.000000,0.000,0.000,AP
2026-07-29 02:13:06,1900-01-00 00:00:00,MTN_4G_45C30F,98:A9:42:45:C3:0F,-25, WPA2 ,0.000000,0.000000,0.000,0.000,AP
2026-07-29 02:13:06,1900-01-00 00:00:00,MTN_4G_45C30F,98:A9:42:45:C3:0F,-26, WPA2 ,0.000000,0.000000,0.000,0.000,AP
2026-07-29 02:13:06,1900-01-00 00:00:00,MTN_4G_45C30F,98:A9:42:45:C3:0F,-26, WPA2 ,0.000000,0.000000,0.000,0.000,AP
2026-07-29 02:13:07,1900-01-00 00:00:00,MTN_4G_45C30F,98:A9:42:45:C3:0F,-25, WPA2 ,0.000000,0.000000,0.000,0.000,AP
2026-07-29 02:13:07,1900-01-00 00:00:00,MTN_4G_45C30F,98:A9:42:45:C3:0F,-25, WPA2 ,0.000000,0.000000,0.000,0.000,AP
2026-07-29 02:13:07,1900-01-00 00:00:00,MTN_4G_45C30F,98:A9:42:45:C3:0F,-26, WPA2 ,0.000000,0.000000,0.000,0.000,AP
2026-07-29 02:13:07,1900-01-00 00:00:00,MTN_4G_45C30F,98:A9:42:45:C3:0F,-26, WPA2 ,0.000000,0.000000,0.000,0.000,AP
2026-07-29 02:13:07,1900-01-00 00:00:00,MTN_4G_45C30F,98:A9:42:45:C3:0F,-26, WPA2 ,0.000000,0.000000,0.000,0.000,AP
2026-07-29 02:13:07,1900-01-00 00:00:00,MTN_4G_45C30F,98:A9:42:45:C3:0F,-26, WPA2 ,0.000000,0.000000,0.000,0.000,AP
2026-07-29 02:13:07,1900-01-00 00:00:00,MTN_4G_45C30F,98:A9:42:45:C3:0F,-26, WPA2 ,0.000000,0.000000,0.000,0.000,AP
2026-07-29 02:13:07,1900-01-00 00:00:00,MTN_4G_45C30F,98:A9:42:45:C3:0F,-25, WPA2 ,0.000000,0.000000,0.000,0.000,AP
2026-07-29 02:13:07,1900-01-00 00:00:00,MTN_4G_45C30F,98:A9:42:45:C3:0F,-25, WPA2 ,0.000000,0.000000,0.000,0.000,AP
2026-07-29 02:13:07,1900-01-00 00:00:00,MTN_4G_45C30F,98:A9:42:45:C3:0F,-25, WPA2 ,0.000000,0.000000,0.000,0.000,AP
2026-07-29 02:13:08,1900-01-00 00:00:00,MTN_4G_45C30F,98:A9:42:45:C3:0F,-26, WPA2 ,0.000000,0.000000,0.000,0.000,AP
2026-07-29 02:13:08,1900-01-00 00:00:00,MTN_4G_45C30F,98:A9:42:45:C3:0F,-25, WPA2 ,0.000000,0.000000,0.000,0.000,AP
2026-07-29 02:13:08,1900-01-00 00:00:00,MTN_4G_45C30F,98:A9:42:45:C3:0F,-26, WPA2 ,0.000000,0.000000,0.000,0.000,AP
2026-07-29 02:13:08,1900-01-00 00:00:00,MTN_4G_45C30F,98:A9:42:45:C3:0F,-25, WPA2 ,0.000000,0.000000,0.000,0.000,AP
2026-07-29 02:13:08,1900-01-00 00:00:00,MTN_4G_45C30F,98:A9:42:45:C3:0F,-26, WPA2 ,0.000000,0.000000,0.000,0.000,AP
2026-07-29 02:13:08,1900-01-00 00:00:00,MTN_4G_45C30F,98:A9:42:45:C3:0F,-26, WPA2 ,0.000000,0.000000,0.000,0.000,AP
2026-07-29 02:13:08,1900-01-00 00:00:00,MTN_4G_45C30F,98:A9:42:45:C3:0F,-25, WPA2 ,0.000000,0.000000,0.000,0.000,AP
2026-07-29 02:13:08,1900-01-00 00:00:00,MTN_4G_45C30F,98:A9:42:45:C3:0F,-25, WPA2 ,0.000000,0.000000,0.000,0.000,AP
2026-07-29 02:13:08,1900-01-00 00:00:00,MTN_4G_45C30F,98:A9:42:45:C3:0F,-25, WPA2 ,0.000000,0.000000,0.000,0.000,AP
2026-07-29 02:13:08,1900-01-00 00:00:00,MTN_4G_45C30F,98:A9:42:45:C3:0F,-25, WPA2 ,0.000000,0.000000,0.000,0.000,AP
2026-07-29 02:13:09,1900-01-00 00:00:00,MTN_4G_45C30F,98:A9:42:45:C3:0F,-25, WPA2 ,0.000000,0.000000,0.000,0.000,AP
2026-07-29 02:13:09,1900-01-00 00:00:00,MTN_4G_45C30F,98:A9:42:45:C3:0F,-25, WPA2 ,0.000000,0.000000,0.000,0.000,AP
2026-07-29 02:13:09,1900-01-00 00:00:00,MTN_4G_45C30F,98:A9:42:45:C3:0F,-26, WPA2 ,0.000000,0.000000,0.000,0.000,AP
2026-07-29 02:13:09,1900-01-00 00:00:00,MTN_4G_45C30F,98:A9:42:45:C3:0F,-25, WPA2 ,0.000000,0.000000,0.000,0.000,AP
2026-07-29 02:13:09,1900-01-00 00:00:00,MTN_4G_45C30F,98:A9:42:45:C3:0F,-25, WPA2 ,0.000000,0.000000,0.000,0.000,AP
2026-07-29 02:13:09,1900-01-00 00:00:00,MTN_4G_45C30F,98:A9:42:45:C3:0F,-26, WPA2 ,0.000000,0.000000,0.000,0.000,AP
2026-07-29 02:13:09,1900-01-00 00:00:00,MTN_4G_45C30F,98:A9:42:45:C3:0F,-26, WPA2 ,0.000000,0.000000,0.000,0.000,AP
2026-07-29 02:13:09,1900-01-00 00:00:00,MTN_4G_45C30F,98:A9:42:45:C3:0F,-25, WPA2 ,0.000000,0.000000,0.000,0.000,AP
2026-07-29 02:13:09,1900-01-00 00:00:00,MTN_4G_45C30F,98:A9:42:45:C3:0F,-25, WPA2 ,0.000000,0.000000,0.000,0.000,AP
2026-07-29 02:13:10,1900-01-00 00:00:00,MTN_4G_45C30F,98:A9:42:45:C3:0F,-25, WPA2 ,0.000000,0.000000,0.000,0.000,AP
2026-07-29 02:13:10,1900-01-00 00:00:00,MTN_4G_45C30F,98:A9:42:45:C3:0F,-26, WPA2 ,0.000000,0.000000,0.000,0.000,AP
2026-07-29 02:13:10,1900-01-00 00:00:00,MTN_4G_45C30F,98:A9:42:45:C3:0F,-26, WPA2 ,0.000000,0.000000,0.000,0.000,AP
2026-07-29 02:13:10,1900-01-00 00:00:00,MTN_4G_45C30F,98:A9:42:45:C3:0F,-26, WPA2 ,0.000000,0.000000,0.000,0.000,AP
2026-07-29 02:13:10,1900-01-00 00:00:00,MTN_4G_45C30F,98:A9:42:45:C3:0F,-26, WPA2 ,0.000000,0.000000,0.000,0.000,AP
2026-07-29 02:13:10,1900-01-00 00:00:00,MTN_4G_45C30F,98:A9:42:45:C3:0F,-26, WPA2 ,0.000000,0.000000,0.000,0.000,AP
2026-07-29 02:13:10,1900-01-00 00:00:00,MTN_4G_45C30F,98:A9:42:45:C3:0F,-26, WPA2 ,0.000000,0.000000,0.000,0.000,AP
2026-07-29 02:13:10,1900-01-00 00:00:00,MTN_4G_45C30F,98:A9:42:45:C3:0F,-26, WPA2 ,0.000000,0.000000,0.000,0.000,AP
2026-07-29 02:13:10,1900-01-00 00:00:00,MTN_4G_45C30F,98:A9:42:45:C3:0F,-26, WPA2 ,0.000000,0.000000,0.000,0.000,AP
2026-07-29 02:13:10,1900-01-00 00:00:00,MTN_4G_45C30F,98:A9:42:45:C3:0F,-26, WPA2 ,0.000000,0.000000,0.000,0.000,AP
2026-07-29 02:13:11,1900-01-00 00:00:00,MTN_4G_45C30F,98:A9:42:45:C3:0F,-26, WPA2 ,0.000000,0.000000,0.000,0.000,AP
2026-07-29 02:13:11,1900-01-00 00:00:00,MTN_4G_45C30F,98:A9:42:45:C3:0F,-26, WPA2 ,0.000000,0.000000,0.000,0.000,AP
2026-07-29 02:13:11,1900-01-00 00:00:00,MTN_4G_45C30F,98:A9:42:45:C3:0F,-26, WPA2 ,0.000000,0.000000,0.000,0.000,AP
2026-07-29 02:13:11,1900-01-00 00:00:00,MTN_4G_45C30F,98:A9:42:45:C3:0F,-26, WPA2 ,0.000000,0.000000,0.000,0.000,AP
2026-07-29 02:13:11,1900-01-00 00:00:00,MTN_4G_45C30F,98:A9:42:45:C3:0F,-26, WPA2 ,0.000000,0.000000,0.000,0.000,AP
2026-07-29 02:13:11,1900-01-00 00:00:00,MTN_4G_45C30F,98:A9:42:45:C3:0F,-25, WPA2 ,0.000000,0.000000,0.000,0.000,AP
2026-07-29 02:13:11,1900-01-00 00:00:00,MTN_4G_45C30F,98:A9:42:45:C3:0F,-26, WPA2 ,0.000000,0.000000,0.000,0.000,AP
2026-07-29 02:13:11,1900-01-00 00:00:00,MTN_4G_45C30F,98:A9:42:45:C3:0F,-25, WPA2 ,0.000000,0.000000,0.000,0.000,AP
2026-07-29 02:13:11,1900-01-00 00:00:00,MTN_4G_45C30F,98:A9:42:45:C3:0F,-25, WPA2 ,0.000000,0.000000,0.000,0.000,AP
2026-07-29 02:13:11,1900-01-00 00:00:00,MTN_4G_45C30F,98:A9:42:45:C3:0F,-25, WPA2 ,0.000000,0.000000,0.000,0.000,AP
2026-07-29 02:13:11,1900-01-00 00:00:00,MTN_4G_45C30F,98:A9:42:45:C3:0F,-25, WPA2 ,0.000000,0.000000,0.000,0.000,AP
2026-07-29 02:13:11,1900-01-00 00:00:00,MTN_4G_45C30F,98:A9:42:45:C3:0F,-26, WPA2 ,0.000000,0.000000,0.000,0.000,AP
2026-07-29 02:13:11,1900-01-00 00:00:00,MTN_4G_45C30F,98:A9:42:45:C3:0F,-25, WPA2 ,0.000000,0.000000,0.000,0.000,AP
2026-07-29 02:13:11,1900-01-00 00:00:00,MTN_4G_45C30F,98:A9:42:45:C3:0F,-25, WPA2 ,0.000000,0.000000,0.000,0.000,AP
2026-07-29 02:13:11,1900-01-00 00:00:00,MTN_4G_45C30F,98:A9:42:45:C3:0F,-25, WPA2 ,0.000000,0.000000,0.000,0.000,AP
2026-07-29 02:13:11,1900-01-00 00:00:00,MTN_4G_45C30F,98:A9:42:45:C3:0F,-25, WPA2 ,0.000000,0.000000,0.000,0.000,AP
2026-07-29 02:13:11,1900-01-00 00:00:00,MTN_4G_45C30F,98:A9:42:45:C3:0F,-26, WPA2 ,0.000000,0.000000,0.000,0.000,AP
2026-07-29 02:13:11,1900-01-00 00:00:00,MTN_4G_45C30F,98:A9:42:45:C3:0F,-25, WPA2 ,0.000000,0.000000,0.000,0.000,AP
2026-07-29 02:13:11,1900-01-00 00:00:00,MTN_4G_45C30F,98:A9:42:45:C3:0F,-26, WPA2 ,0.000000,0.000000,0.000,0.000,AP
2026-07-29 02:13:11,1900-01-00 00:00:00,MTN_4G_45C30F,98:A9:42:45:C3:0F,-26, WPA2 ,0.000000,0.000000,0.000,0.000,AP
2026-07-29 02:13:12,1900-01-00 00:00:00,MTN_4G_45C30F,98:A9:42:45:C3:0F,-26, WPA2 ,0.000000,0.000000,0.000,0.000,AP
2026-07-29 02:13:12,1900-01-00 00:00:00,MTN_4G_45C30F,98:A9:42:45:C3:0F,-26, WPA2 ,0.000000,0.000000,0.000,0.000,AP
2026-07-29 02:13:12,1900-01-00 00:00:00,MTN_4G_45C30F,98:A9:42:45:C3:0F,-26, WPA2 ,0.000000,0.000000,0.000,0.000,AP
2026-07-29 02:13:12,1900-01-00 00:00:00,,5E:EE:FC:DC:AF:21,-31,,0.000000,0.000000,0.000,0.000,Client
2026-07-29 02:13:12,1900-01-00 00:00:00,MTN_4G_45C30F,98:A9:42:45:C3:0F,-25, WPA2 ,0.000000,0.000000,0.000,0.000,AP
2026-07-29 02:13:12,1900-01-00 00:00:00,,5E:EE:FC:DC:AF:21,-32,,0.000000,0.000000,0.000,0.000,Client
2026-07-29 02:13:12,1900-01-00 00:00:00,MTN_4G_45C30F,98:A9:42:45:C3:0F,-25, WPA2 ,0.000000,0.000000,0.000,0.000,AP
2026-07-29 02:13:12,1900-01-00 00:00:00,MTN_4G_45C30F,98:A9:42:45:C3:0F,-26, WPA2 ,0.000000,0.000000,0.000,0.000,AP
2026-07-29 02:13:12,1900-01-00 00:00:00,,5E:EE:FC:DC:AF:21,-32,,0.000000,0.000000,0.000,0.000,Client
2026-07-29 02:13:12,1900-01-00 00:00:00,MTN_4G_45C30F,98:A9:42:45:C3:0F,-25, WPA2 ,0.000000,0.000000,0.000,0.000,AP
2026-07-29 02:13:12,1900-01-00 00:00:00,,5E:EE:FC:DC:AF:21,-32,,0.000000,0.000000,0.000,0.000,Client
2026-07-29 02:13:12,1900-01-00 00:00:00,MTN_4G_45C30F,98:A9:42:45:C3:0F,-26, WPA2 ,0.000000,0.000000,0.000,0.000,AP
2026-07-29 02:13:12,1900-01-00 00:00:00,MTN_4G_45C30F,98:A9:42:45:C3:0F,-26, WPA2 ,0.000000,0.000000,0.000,0.000,AP
2026-07-29 02:13:12,1900-01-00 00:00:00,,5E:EE:FC:DC:AF:21,-35,,0.000000,0.000000,0.000,0.000,Client
2026-07-29 02:13:12,1900-01-00 00:00:00,,5E:EE:FC:DC:AF:21,-36,,0.000000,0.000000,0.000,0.000,Client
2026-07-29 02:13:12,1900-01-00 00:00:00,MTN_4G_45C30F,98:A9:42:45:C3:0F,-26, WPA2 ,0.000000,0.000000,0.000,0.000,AP
2026-07-29 02:13:12,1900-01-00 00:00:00,,5E:EE:FC:DC:AF:21,-35,,0.000000,0.000000,0.000,0.000,Client
2026-07-29 02:13:12,1900-01-00 00:00:00,MTN_4G_45C30F,98:A9:42:45:C3:0F,-26, WPA2 ,0.000000,0.000000,0.000,0.000,AP
2026-07-29 02:13:12,1900-01-00 00:00:00,MTN_4G_45C30F,98:A9:42:45:C3:0F,-26, WPA2 ,0.000000,0.000000,0.000,0.000,AP
2026-07-29 02:13:12,1900-01-00 00:00:00,MTN_4G_45C30F,98:A9:42:45:C3:0F,-26, WPA2 ,0.000000,0.000000,0.000,0.000,AP
2026-07-29 02:13:12,1900-01-00 00:00:00,MTN_4G_45C30F,98:A9:42:45:C3:0F,-25, WPA2 ,0.000000,0.000000,0.000,0.000,AP
2026-07-29 02:13:12,1900-01-00 00:00:00,MTN_4G_45C30F,98:A9:42:45:C3:0F,-25, WPA2 ,0.000000,0.000000,0.000,0.000,AP
2026-07-29 02:13:12,1900-01-00 00:00:00,MTN_4G_45C30F,98:A9:42:45:C3:0F,-25, WPA2 ,0.000000,0.000000,0.000,0.000,AP
2026-07-29 02:13:13,1900-01-00 00:00:00,MTN_4G_45C30F,98:A9:42:45:C3:0F,-25, WPA2 ,0.000000,0.000000,0.000,0.000,AP
2026-07-29 02:13:13,1900-01-00 00:00:00,,5E:EE:FC:DC:AF:21,-37,,0.000000,0.000000,0.000,0.000,Client
2026-07-29 02:13:13,1900-01-00 00:00:00,,5E:EE:FC:DC:AF:21,-37,,0.000000,0.000000,0.000,0.000,Client
2026-07-29 02:13:13,1900-01-00 00:00:00,,5E:EE:FC:DC:AF:21,-37,,0.000000,0.000000,0.000,0.000,Client
2026-07-29 02:13:13,1900-01-00 00:00:00,MTN_4G_45C30F,98:A9:42:45:C3:0F,-26, WPA2 ,0.000000,0.000000,0.000,0.000,AP
2026-07-29 02:13:13,1900-01-00 00:00:00,MTN_4G_45C30F,98:A9:42:45:C3:0F,-25, WPA2 ,0.000000,0.000000,0.000,0.000,AP
2026-07-29 02:13:13,1900-01-00 00:00:00,MTN_4G_45C30F,98:A9:42:45:C3:0F,-26, WPA2 ,0.000000,0.000000,0.000,0.000,AP
2026-07-29 02:13:13,1900-01-00 00:00:00,MTN_4G_45C30F,98:A9:42:45:C3:0F,-26, WPA2 ,0.000000,0.000000,0.000,0.000,AP
2026-07-29 02:13:13,1900-01-00 00:00:00,MTN_4G_45C30F,98:A9:42:45:C3:0F,-27, WPA2 ,0.000000,0.000000,0.000,0.000,AP
2026-07-29 02:13:13,1900-01-00 00:00:00,MTN_4G_45C30F,98:A9:42:45:C3:0F,-26, WPA2 ,0.000000,0.000000,0.000,0.000,AP
2026-07-29 02:13:13,1900-01-00 00:00:00,,5E:EE:FC:DC:AF:21,-34,,0.000000,0.000000,0.000,0.000,Client
2026-07-29 02:13:13,1900-01-00 00:00:00,MTN_4G_45C30F,98:A9:42:45:C3:0F,-25, WPA2 ,0.000000,0.000000,0.000,0.000,AP
2026-07-29 02:13:13,1900-01-00 00:00:00,MTN_4G_45C30F,98:A9:42:45:C3:0F,-25, WPA2 ,0.000000,0.000000,0.000,0.000,AP
2026-07-29 02:13:13,1900-01-00 00:00:00,,5E:EE:FC:DC:AF:21,-34,,0.000000,0.000000,0.000,0.000,Client
2026-07-29 02:13:13,1900-01-00 00:00:00,MTN_4G_45C30F,98:A9:42:45:C3:0F,-30, WPA2 ,0.000000,0.000000,0.000,0.000,AP
2026-07-29 02:13:13,1900-01-00 00:00:00,,5E:EE:FC:DC:AF:21,-37,,0.000000,0.000000,0.000,0.000,Client
2026-07-29 02:13:13,1900-01-00 00:00:00,MTN_4G_45C30F,98:A9:42:45:C3:0F,-30, WPA2 ,0.000000,0.000000,0.000,0.000,AP
2026-07-29 02:13:13,1900-01-00 00:00:00,,5E:EE:FC:DC:AF:21,-37,,0.000000,0.000000,0.000,0.000,Client
2026-07-29 02:13:13,1900-01-00 00:00:00,,5E:EE:FC:DC:AF:21,-37,,0.000000,0.000000,0.000,0.000,Client
2026-07-29 02:13:13,1900-01-00 00:00:00,MTN_4G_45C30F,98:A9:42:45:C3:0F,-30, WPA2 ,0.000000,0.000000,0.000,0.000,AP
2026-07-29 02:13:13,1900-01-00 00:00:00,MTN_4G_45C30F,98:A9:42:45:C3:0F,-30, WPA2 ,0.000000,0.000000,0.000,0.000,AP
2026-07-29 02:13:13,1900-01-00 00:00:00,,5E:EE:FC:DC:AF:21,-37,,0.000000,0.000000,0.000,0.000,Client
2026-07-29 02:13:13,1900-01-00 00:00:00,,5E:EE:FC:DC:AF:21,-37,,0.000000,0.000000,0.000,0.000,Client
2026-07-29 02:13:13,1900-01-00 00:00:00,MTN_4G_45C30F,98:A9:42:45:C3:0F,-30, WPA2 ,0.000000,0.000000,0.000,0.000,AP
2026-07-29 02:13:13,1900-01-00 00:00:00,,5E:EE:FC:DC:AF:21,-37,,0.000000,0.000000,0.000,0.000,Client
2026-07-29 02:13:13,1900-01-00 00:00:00,,5E:EE:FC:DC:AF:21,-37,,0.000000,0.000000,0.000,0.000,Client
2026-07-29 02:13:13,1900-01-00 00:00:00,,5E:EE:FC:DC:AF:21,-37,,0.000000,0.000000,0.000,0.000,Client
2026-07-29 02:13:13,1900-01-00 00:00:00,MTN_4G_45C30F,98:A9:42:45:C3:0F,-26, WPA2 ,0.000000,0.000000,0.000,0.000,AP
2026-07-29 02:13:13,1900-01-00 00:00:00,,5E:EE:FC:DC:AF:21,-37,,0.000000,0.000000,0.000,0.000,Client
2026-07-29 02:13:13,1900-01-00 00:00:00,,5E:EE:FC:DC:AF:21,-34,,0.000000,0.000000,0.000,0.000,Client
2026-07-29 02:13:13,1900-01-00 00:00:00,MTN_4G_45C30F,98:A9:42:45:C3:0F,-25, WPA2 ,0.000000,0.000000,0.000,0.000,AP
2026-07-29 02:13:13,1900-01-00 00:00:00,MTN_4G_45C30F,98:A9:42:45:C3:0F,-25, WPA2 ,0.000000,0.000000,0.000,0.000,AP
2026-07-29 02:13:13,1900-01-00 00:00:00,MTN_4G_45C30F,98:A9:42:45:C3:0F,-30, WPA2 ,0.000000,0.000000,0.000,0.000,AP
2026-07-29 02:13:13,1900-01-00 00:00:00,,5E:EE:FC:DC:AF:21,-34,,0.000000,0.000000,0.000,0.000,Client
2026-07-29 02:13:13,1900-01-00 00:00:00,,5E:EE:FC:DC:AF:21,-36,,0.000000,0.000000,0.000,0.000,Client
2026-07-29 02:13:13,1900-01-00 00:00:00,MTN_4G_45C30F,98:A9:42:45:C3:0F,-30, WPA2 ,0.000000,0.000000,0.000,0.000,AP
2026-07-29 02:13:13,1900-01-00 00:00:00,MTN_4G_45C30F,98:A9:42:45:C3:0F,-30, WPA2 ,0.000000,0.000000,0.000,0.000,AP
2026-07-29 02:13:13,1900-01-00 00:00:00,,5E:EE:FC:DC:AF:21,-36,,0.000000,0.000000,0.000,0.000,Client
2026-07-29 02:13:13,1900-01-00 00:00:00,,5E:EE:FC:DC:AF:21,-36,,0.000000,0.000000,0.000,0.000,Client
2026-07-29 02:13:13,1900-01-00 00:00:00,,5E:EE:FC:DC:AF:21,-36,,0.000000,0.000000,0.000,0.000,Client
2026-07-29 02:13:13,1900-01-00 00:00:00,,5E:EE:FC:DC:AF:21,-36,,0.000000,0.000000,0.000,0.000,Client
2026-07-29 02:13:13,1900-01-00 00:00:00,,5E:EE:FC:DC:AF:21,-35,,0.000000,0.000000,0.000,0.000,Client
2026-07-29 02:13:13,1900-01-00 00:00:00,MTN_4G_45C30F,98:A9:42:45:C3:0F,-30, WPA2 ,0.000000,0.000000,0.000,0.000,AP
2026-07-29 02:13:13,1900-01-00 00:00:00,MTN_4G_45C30F,98:A9:42:45:C3:0F,-30, WPA2 ,0.000000,0.000000,0.000,0.000,AP
2026-07-29 02:13:13,1900-01-00 00:00:00,,5E:EE:FC:DC:AF:21,-35,,0.000000,0.000000,0.000,0.000,Client
2026-07-29 02:13:13,1900-01-00 00:00:00,MTN_4G_45C30F,98:A9:42:45:C3:0F,-30, WPA2 ,0.000000,0.000000,0.000,0.000,AP
2026-07-29 02:13:13,1900-01-00 00:00:00,,5E:EE:FC:DC:AF:21,-35,,0.000000,0.000000,0.000,0.000,Client
2026-07-29 02:13:13,1900-01-00 00:00:00,,5E:EE:FC:DC:AF:21,-35,,0.000000,0.000000,0.000,0.000,Client
2026-07-29 02:13:13,1900-01-00 00:00:00,,5E:EE:FC:DC:AF:21,-34,,0.000000,0.000000,0.000,0.000,Client
2026-07-29 02:13:13,1900-01-00 00:00:00,MTN_4G_45C30F,98:A9:42:45:C3:0F,-30, WPA2 ,0.000000,0.000000,0.000,0.000,AP
2026-07-29 02:13:13,1900-01-00 00:00:00,,5E:EE:FC:DC:AF:21,-34,,0.000000,0.000000,0.000,0.000,Client
2026-07-29 02:13:13,1900-01-00 00:00:00,MTN_4G_45C30F,98:A9:42:45:C3:0F,-30, WPA2 ,0.000000,0.000000,0.000,0.000,AP
2026-07-29 02:13:13,1900-01-00 00:00:00,MTN_4G_45C30F,98:A9:42:45:C3:0F,-26, WPA2 ,0.000000,0.000000,0.000,0.000,AP
2026-07-29 02:13:13,1900-01-00 00:00:00,MTN_4G_45C30F,98:A9:42:45:C3:0F,-30, WPA2 ,0.000000,0.000000,0.000,0.000,AP
2026-07-29 02:13:13,1900-01-00 00:00:00,MTN_4G_45C30F,98:A9:42:45:C3:0F,-30, WPA2 ,0.000000,0.000000,0.000,0.000,AP
2026-07-29 02:13:13,1900-01-00 00:00:00,,5E:EE:FC:DC:AF:21,-35,,0.000000,0.000000,0.000,0.000,Client
2026-07-29 02:13:13,1900-01-00 00:00:00,MTN_4G_45C30F,98:A9:42:45:C3:0F,-30, WPA2 ,0.000000,0.000000,0.000,0.000,AP
2026-07-29 02:13:13,1900-01-00 00:00:00,,5E:EE:FC:DC:AF:21,-35,,0.000000,0.000000,0.000,0.000,Client
2026-07-29 02:13:13,1900-01-00 00:00:00,MTN_4G_45C30F,98:A9:42:45:C3:0F,-30, WPA2 ,0.000000,0.000000,0.000,0.000,AP
2026-07-29 02:13:13,1900-01-00 00:00:00,,5E:EE:FC:DC:AF:21,-36,,0.000000,0.000000,0.000,0.000,Client
2026-07-29 02:13:13,1900-01-00 00:00:00,,5E:EE:FC:DC:AF:21,-36,,0.000000,0.000000,0.000,0.000,Client
2026-07-29 02:13:13,1900-01-00 00:00:00,,5E:EE:FC:DC:AF:21,-36,,0.000000,0.000000,0.000,0.000,Client
2026-07-29 02:13:13,1900-01-00 00:00:00,,5E:EE:FC:DC:AF:21,-36,,0.000000,0.000000,0.000,0.000,Client
2026-07-29 02:13:13,1900-01-00 00:00:00,,5E:EE:FC:DC:AF:21,-36,,0.000000,0.000000,0.000,0.000,Client
2026-07-29 02:13:13,1900-01-00 00:00:00,,5E:EE:FC:DC:AF:21,-36,,0.000000,0.000000,0.000,0.000,Client
2026-07-29 02:13:13,1900-01-00 00:00:00,,5E:EE:FC:DC:AF:21,-36,,0.000000,0.000000,0.000,0.000,Client
2026-07-29 02:13:13,1900-01-00 00:00:00,MTN_4G_45C30F,98:A9:42:45:C3:0F,-30, WPA2 ,0.000000,0.000000,0.000,0.000,AP
2026-07-29 02:13:13,1900-01-00 00:00:00,MTN_4G_45C30F,98:A9:42:45:C3:0F,-30, WPA2 ,0.000000,0.000000,0.000,0.000,AP
2026-07-29 02:13:13,1900-01-00 00:00:00,MTN_4G_45C30F,98:A9:42:45:C3:0F,-30, WPA2 ,0.000000,0.000000,0.000,0.000,AP
2026-07-29 02:13:13,1900-01-00 00:00:00,MTN_4G_45C30F,98:A9:42:45:C3:0F,-30, WPA2 ,0.000000,0.000000,0.000,0.000,AP
2026-07-29 02:13:13,1900-01-00 00:00:00,MTN_4G_45C30F,98:A9:42:45:C3:0F,-30, WPA2 ,0.000000,0.000000,0.000,0.000,AP
2026-07-29 02:13:13,1900-01-00 00:00:00,,5E:EE:FC:DC:AF:21,-36,,0.000000,0.000000,0.000,0.000,Client
2026-07-29 02:13:13,1900-01-00 00:00:00,,5E:EE:FC:DC:AF:21,-36,,0.000000,0.000000,0.000,0.000,Client
2026-07-29 02:13:13,1900-01-00 00:00:00,,5E:EE:FC:DC:AF:21,-36,,0.000000,0.000000,0.000,0.000,Client
2026-07-29 02:13:13,1900-01-00 00:00:00,,5E:EE:FC:DC:AF:21,-36,,0.000000,0.000000,0.000,0.000,Client
2026-07-29 02:13:13,1900-01-00 00:00:00,,5E:EE:FC:DC:AF:21,-36,,0.000000,0.000000,0.000,0.000,Client
2026-07-29 02:13:13,1900-01-00 00:00:00,MTN_4G_45C30F,98:A9:42:45:C3:0F,-26, WPA2 ,0.000000,0.000000,0.000,0.000,AP
2026-07-29 02:13:13,1900-01-00 00:00:00,MTN_4G_45C30F,98:A9:42:45:C3:0F,-30, WPA2 ,0.000000,0.000000,0.000,0.000,AP
2026-07-29 02:13:13,1900-01-00 00:00:00,MTN_4G_45C30F,98:A9:42:45:C3:0F,-30, WPA2 ,0.000000,0.000000,0.000,0.000,AP
2026-07-29 02:13:13,1900-01-00 00:00:00,MTN_4G_45C30F,98:A9:42:45:C3:0F,-30, WPA2 ,0.000000,0.000000,0.000,0.000,AP
2026-07-29 02:13:13,1900-01-00 00:00:00,MTN_4G_45C30F,98:A9:42:45:C3:0F,-30, WPA2 ,0.000000,0.000000,0.000,0.000,AP
2026-07-29 02:13:13,1900-01-00 00:00:00,MTN_4G_45C30F,98:A9:42:45:C3:0F,-30, WPA2 ,0.000000,0.000000,0.000,0.000,AP
2026-07-29 02:13:13,1900-01-00 00:00:00,MTN_4G_45C30F,98:A9:42:45:C3:0F,-30, WPA2 ,0.000000,0.000000,0.000,0.000,AP
2026-07-29 02:13:13,1900-01-00 00:00:00,,5E:EE:FC:DC:AF:21,-37,,0.000000,0.000000,0.000,0.000,Client
2026-07-29 02:13:13,1900-01-00 00:00:00,,5E:EE:FC:DC:AF:21,-37,,0.000000,0.000000,0.000,0.000,Client
2026-07-29 02:13:13,1900-01-00 00:00:00,,5E:EE:FC:DC:AF:21,-37,,0.000000,0.000000,0.000,0.000,Client
2026-07-29 02:13:13,1900-01-00 00:00:00,,5E:EE:FC:DC:AF:21,-37,,0.000000,0.000000,0.000,0.000,Client
2026-07-29 02:13:13,1900-01-00 00:00:00,,5E:EE:FC:DC:AF:21,-37,,0.000000,0.000000,0.000,0.000,Client
2026-07-29 02:13:13,1900-01-00 00:00:00,,5E:EE:FC:DC:AF:21,-37,,0.000000,0.000000,0.000,0.000,Client
2026-07-29 02:13:13,1900-01-00 00:00:00,MTN_4G_45C30F,98:A9:42:45:C3:0F,-30, WPA2 ,0.000000,0.000000,0.000,0.000,AP
2026-07-29 02:13:13,1900-01-00 00:00:00,MTN_4G_45C30F,98:A9:42:45:C3:0F,-30, WPA2 ,0.000000,0.000000,0.000,0.000,AP
2026-07-29 02:13:13,1900-01-00 00:00:00,MTN_4G_45C30F,98:A9:42:45:C3:0F,-30, WPA2 ,0.000000,0.000000,0.000,0.000,AP
2026-07-29 02:13:13,1900-01-00 00:00:00,MTN_4G_45C30F,98:A9:42:45:C3:0F,-30, WPA2 ,0.000000,0.000000,0.000,0.000,AP
2026-07-29 02:13:13,1900-01-00 00:00:00,MTN_4G_45C30F,98:A9:42:45:C3:0F,-30, WPA2 ,0.000000,0.000000,0.000,0.000,AP
2026-07-29 02:13:13,1900-01-00 00:00:00,,5E:EE:FC:DC:AF:21,-37,,0.000000,0.000000,0.000,0.000,Client
2026-07-29 02:13:13,1900-01-00 00:00:00,,5E:EE:FC:DC:AF:21,-37,,0.000000,0.000000,0.000,0.000,Client
2026-07-29 02:13:13,1900-01-00 00:00:00,,5E:EE:FC:DC:AF:21,-38,,0.000000,0.000000,0.000,0.000,Client
2026-07-29 02:13:13,1900-01-00 00:00:00,MTN_4G_45C30F,98:A9:42:45:C3:0F,-30, WPA2 ,0.000000,0.000000,0.000,0.000,AP
2026-07-29 02:13:13,1900-01-00 00:00:00,MTN_4G_45C30F,98:A9:42:45:C3:0F,-25, WPA2 ,0.000000,0.000000,0.000,0.000,AP
2026-07-29 02:13:13,1900-01-00 00:00:00,,5E:EE:FC:DC:AF:21,-37,,0.000000,0.000000,0.000,0.000,Client
2026-07-29 02:13:13,1900-01-00 00:00:00,,5E:EE:FC:DC:AF:21,-37,,0.000000,0.000000,0.000,0.000,Client
2026-07-29 02:13:13,1900-01-00 00:00:00,MTN_4G_45C30F,98:A9:42:45:C3:0F,-30, WPA2 ,0.000000,0.000000,0.000,0.000,AP
2026-07-29 02:13:13,1900-01-00 00:00:00,,5E:EE:FC:DC:AF:21,-37,,0.000000,0.000000,0.000,0.000,Client
2026-07-29 02:13:13,1900-01-00 00:00:00,,5E:EE:FC:DC:AF:21,-37,,0.000000,0.000000,0.000,0.000,Client
2026-07-29 02:13:13,1900-01-00 00:00:00,MTN_4G_45C30F,98:A9:42:45:C3:0F,-26, WPA2 ,0.000000,0.000000,0.000,0.000,AP
2026-07-29 02:13:13,1900-01-00 00:00:00,MTN_4G_45C30F,98:A9:42:45:C3:0F,-30, WPA2 ,0.000000,0.000000,0.000,0.000,AP
2026-07-29 02:13:13,1900-01-00 00:00:00,,5E:EE:FC:DC:AF:21,-37,,0.000000,0.000000,0.000,0.000,Client
2026-07-29 02:13:13,1900-01-00 00:00:00,,5E:EE:FC:DC:AF:21,-37,,0.000000,0.000000,0.000,0.000,Client
2026-07-29 02:13:13,1900-01-00 00:00:00,,5E:EE:FC:DC:AF:21,-37,,0.000000,0.000000,0.000,0.000,Client
2026-07-29 02:13:13,1900-01-00 00:00:00,,5E:EE:FC:DC:AF:21,-37,,0.000000,0.000000,0.000,0.000,Client
2026-07-29 02:13:13,1900-01-00 00:00:00,,5E:EE:FC:DC:AF:21,-37,,0.000000,0.000000,0.000,0.000,Client
2026-07-29 02:13:13,1900-01-00 00:00:00,,5E:EE:FC:DC:AF:21,-37,,0.000000,0.000000,0.000,0.000,Client
2026-07-29 02:13:13,1900-01-00 00:00:00,,5E:EE:FC:DC:AF:21,-37,,0.000000,0.000000,0.000,0.000,Client
2026-07-29 02:13:13,1900-01-00 00:00:00,,5E:EE:FC:DC:AF:21,-37,,0.000000,0.000000,0.000,0.000,Client
2026-07-29 02:13:13,1900-01-00 00:00:00,,5E:EE:FC:DC:AF:21,-37,,0.000000,0.000000,0.000,0.000,Client
2026-07-29 02:13:13,1900-01-00 00:00:00,MTN_4G_45C30F,98:A9:42:45:C3:0F,-25, WPA2 ,0.000000,0.000000,0.000,0.000,AP
2026-07-29 02:13:13,1900-01-00 00:00:00,MTN_4G_45C30F,98:A9:42:45:C3:0F,-25, WPA2 ,0.000000,0.000000,0.000,0.000,AP
2026-07-29 02:13:13,1900-01-00 00:00:00,MTN_4G_45C30F,98:A9:42:45:C3:0F,-30, WPA2 ,0.000000,0.000000,0.000,0.000,AP
2026-07-29 02:13:13,1900-01-00 00:00:00,MTN_4G_45C30F,98:A9:42:45:C3:0F,-30, WPA2 ,0.000000,0.000000,0.000,0.000,AP
2026-07-29 02:13:13,1900-01-00 00:00:00,,5E:EE:FC:DC:AF:21,-37,,0.000000,0.000000,0.000,0.000,Client
2026-07-29 02:13:13,1900-01-00 00:00:00,,5E:EE:FC:DC:AF:21,-37,,0.000000,0.000000,0.000,0.000,Client
2026-07-29 02:13:13,1900-01-00 00:00:00,,5E:EE:FC:DC:AF:21,-37,,0.000000,0.000000,0.000,0.000,Client
2026-07-29 02:13:13,1900-01-00 00:00:00,,5E:EE:FC:DC:AF:21,-36,,0.000000,0.000000,0.000,0.000,Client
2026-07-29 02:13:13,1900-01-00 00:00:00,,5E:EE:FC:DC:AF:21,-36,,0.000000,0.000000,0.000,0.000,Client
2026-07-29 02:13:13,1900-01-00 00:00:00,,5E:EE:FC:DC:AF:21,-36,,0.000000,0.000000,0.000,0.000,Client
2026-07-29 02:13:13,1900-01-00 00:00:00,,5E:EE:FC:DC:AF:21,-37,,0.000000,0.000000,0.000,0.000,Client
2026-07-29 02:13:13,1900-01-00 00:00:00,,5E:EE:FC:DC:AF:21,-37,,0.000000,0.000000,0.000,0.000,Client
2026-07-29 02:13:13,1900-01-00 00:00:00,MTN_4G_45C30F,98:A9:42:45:C3:0F,-30, WPA2 ,0.000000,0.000000,0.000,0.000,AP
2026-07-29 02:13:13,1900-01-00 00:00:00,MTN_4G_45C30F,98:A9:42:45:C3:0F,-30, WPA2 ,0.000000,0.000000,0.000,0.000,AP
2026-07-29 02:13:13,1900-01-00 00:00:00,,5E:EE:FC:DC:AF:21,-37,,0.000000,0.000000,0.000,0.000,Client
2026-07-29 02:13:13,1900-01-00 00:00:00,,5E:EE:FC:DC:AF:21,-37,,0.000000,0.000000,0.000,0.000,Client
2026-07-29 02:13:13,1900-01-00 00:00:00,,5E:EE:FC:DC:AF:21,-37,,0.000000,0.000000,0.000,0.000,Client
2026-07-29 02:13:13,1900-01-00 00:00:00,,5E:EE:FC:DC:AF:21,-37,,0.000000,0.000000,0.000,0.000,Client
2026-07-29 02:13:13,1900-01-00 00:00:00,MTN_4G_45C30F,98:A9:42:45:C3:0F,-30, WPA2 ,0.000000,0.000000,0.000,0.000,AP
2026-07-29 02:13:13,1900-01-00 00:00:00,MTN_4G_45C30F,98:A9:42:45:C3:0F,-30, WPA2 ,0.000000,0.000000,0.000,0.000,AP
2026-07-29 02:13:13,1900-01-00 00:00:00,MTN_4G_45C30F,98:A9:42:45:C3:0F,-30, WPA2 ,0.000000,0.000000,0.000,0.000,AP
2026-07-29 02:13:13,1900-01-00 00:00:00,MTN_4G_45C30F,98:A9:42:45:C3:0F,-30, WPA2 ,0.000000,0.000000,0.000,0.000,AP
2026-07-29 02:13:13,1900-01-00 00:00:00,,5E:EE:FC:DC:AF:21,-37,,0.000000,0.000000,0.000,0.000,Client
2026-07-29 02:13:13,1900-01-00 00:00:00,,5E:EE:FC:DC:AF:21,-37,,0.000000,0.000000,0.000,0.000,Client
2026-07-29 02:13:13,1900-01-00 00:00:00,MTN_4G_45C30F,98:A9:42:45:C3:0F,-30, WPA2 ,0.000000,0.000000,0.000,0.000,AP
2026-07-29 02:13:13,1900-01-00 00:00:00,,5E:EE:FC:DC:AF:21,-37,,0.000000,0.000000,0.000,0.000,Client
2026-07-29 02:13:13,1900-01-00 00:00:00,MTN_4G_45C30F,98:A9:42:45:C3:0F,-25, WPA2 ,0.000000,0.000000,0.000,0.000,AP
2026-07-29 02:13:13,1900-01-00 00:00:00,,5E:EE:FC:DC:AF:21,-37,,0.000000,0.000000,0.000,0.000,Client
2026-07-29 02:13:13,1900-01-00 00:00:00,,5E:EE:FC:DC:AF:21,-37,,0.000000,0.000000,0.000,0.000,Client
2026-07-29 02:13:13,1900-01-00 00:00:00,,5E:EE:FC:DC:AF:21,-37,,0.000000,0.000000,0.000,0.000,Client
2026-07-29 02:13:13,1900-01-00 00:00:00,,5E:EE:FC:DC:AF:21,-36,,0.000000,0.000000,0.000,0.000,Client
2026-07-29 02:13:13,1900-01-00 00:00:00,,5E:EE:FC:DC:AF:21,-37,,0.000000,0.000000,0.000,0.000,Client
2026-07-29 02:13:13,1900-01-00 00:00:00,,5E:EE:FC:DC:AF:21,-37,,0.000000,0.000000,0.000,0.000,Client
2026-07-29 02:13:13,1900-01-00 00:00:00,,5E:EE:FC:DC:AF:21,-37,,0.000000,0.000000,0.000,0.000,Client
2026-07-29 02:13:13,1900-01-00 00:00:00,,5E:EE:FC:DC:AF:21,-37,,0.000000,0.000000,0.000,0.000,Client
2026-07-29 02:13:13,1900-01-00 00:00:00,,5E:EE:FC:DC:AF:21,-37,,0.000000,0.000000,0.000,0.000,Client
2026-07-29 02:13:13,1900-01-00 00:00:00,,5E:EE:FC:DC:AF:21,-37,,0.000000,0.000000,0.000,0.000,Client
2026-07-29 02:13:13,1900-01-00 00:00:00,,5E:EE:FC:DC:AF:21,-37,,0.000000,0.000000,0.000,0.000,Client
2026-07-29 02:13:14,1900-01-00 00:00:00,MTN_4G_45C30F,98:A9:42:45:C3:0F,-30, WPA2 ,0.000000,0.000000,0.000,0.000,AP
2026-07-29 02:13:14,1900-01-00 00:00:00,MTN_4G_45C30F,98:A9:42:45:C3:0F,-30, WPA2 ,0.000000,0.000000,0.000,0.000,AP
2026-07-29 02:13:14,1900-01-00 00:00:00,MTN_4G_45C30F,98:A9:42:45:C3:0F,-30, WPA2 ,0.000000,0.000000,0.000,0.000,AP
2026-07-29 02:13:14,1900-01-00 00:00:00,,5E:EE:FC:DC:AF:21,-37,,0.000000,0.000000,0.000,0.000,Client
2026-07-29 02:13:14,1900-01-00 00:00:00,MTN_4G_45C30F,98:A9:42:45:C3:0F,-26, WPA2 ,0.000000,0.000000,0.000,0.000,AP
2026-07-29 02:13:14,1900-01-00 00:00:00,,5E:EE:FC:DC:AF:21,-37,,0.000000,0.000000,0.000,0.000,Client
2026-07-29 02:13:14,1900-01-00 00:00:00,,5E:EE:FC:DC:AF:21,-37,,0.000000,0.000000,0.000,0.000,Client
2026-07-29 02:13:14,1900-01-00 00:00:00,,5E:EE:FC:DC:AF:21,-37,,0.000000,0.000000,0.000,0.000,Client
2026-07-29 02:13:14,1900-01-00 00:00:00,MTN_4G_45C30F,98:A9:42:45:C3:0F,-30, WPA2 ,0.000000,0.000000,0.000,0.000,AP
2026-07-29 02:13:14,1900-01-00 00:00:00,,5E:EE:FC:DC:AF:21,-37,,0.000000,0.000000,0.000,0.000,Client
2026-07-29 02:13:14,1900-01-00 00:00:00,MTN_4G_45C30F,98:A9:42:45:C3:0F,-30, WPA2 ,0.000000,0.000000,0.000,0.000,AP
2026-07-29 02:13:14,1900-01-00 00:00:00,,5E:EE:FC:DC:AF:21,-37,,0.000000,0.000000,0.000,0.000,Client
2026-07-29 02:13:14,1900-01-00 00:00:00,,5E:EE:FC:DC:AF:21,-37,,0.000000,0.000000,0.000,0.000,Client
2026-07-29 02:13:14,1900-01-00 00:00:00,MTN_4G_45C30F,98:A9:42:45:C3:0F,-30, WPA2 ,0.000000,0.000000,0.000,0.000,AP
2026-07-29 02:13:14,1900-01-00 00:00:00,MTN_4G_45C30F,98:A9:42:45:C3:0F,-30, WPA2 ,0.000000,0.000000,0.000,0.000,AP
2026-07-29 02:13:14,1900-01-00 00:00:00,,5E:EE:FC:DC:AF:21,-37,,0.000000,0.000000,0.000,0.000,Client
2026-07-29 02:13:14,1900-01-00 00:00:00,,5E:EE:FC:DC:AF:21,-37,,0.000000,0.000000,0.000,0.000,Client
2026-07-29 02:13:14,1900-01-00 00:00:00,,5E:EE:FC:DC:AF:21,-37,,0.000000,0.000000,0.000,0.000,Client
2026-07-29 02:13:14,1900-01-00 00:00:00,,5E:EE:FC:DC:AF:21,-37,,0.000000,0.000000,0.000,0.000,Client
2026-07-29 02:13:14,1900-01-00 00:00:00,,5E:EE:FC:DC:AF:21,-37,,0.000000,0.000000,0.000,0.000,Client
2026-07-29 02:13:14,1900-01-00 00:00:00,MTN_4G_45C30F,98:A9:42:45:C3:0F,-30, WPA2 ,0.000000,0.000000,0.000,0.000,AP
2026-07-29 02:13:14,1900-01-00 00:00:00,,5E:EE:FC:DC:AF:21,-37,,0.000000,0.000000,0.000,0.000,Client
2026-07-29 02:13:14,1900-01-00 00:00:00,MTN_4G_45C30F,98:A9:42:45:C3:0F,-30, WPA2 ,0.000000,0.000000,0.000,0.000,AP
2026-07-29 02:13:14,1900-01-00 00:00:00,,5E:EE:FC:DC:AF:21,-37,,0.000000,0.000000,0.000,0.000,Client
2026-07-29 02:13:14,1900-01-00 00:00:00,,5E:EE:FC:DC:AF:21,-37,,0.000000,0.000000,0.000,0.000,Client
2026-07-29 02:13:14,1900-01-00 00:00:00,MTN_4G_45C30F,98:A9:42:45:C3:0F,-30, WPA2 ,0.000000,0.000000,0.000,0.000,AP
2026-07-29 02:13:14,1900-01-00 00:00:00,MTN_4G_45C30F,98:A9:42:45:C3:0F,-30, WPA2 ,0.000000,0.000000,0.000,0.000,AP
2026-07-29 02:13:14,1900-01-00 00:00:00,,5E:EE:FC:DC:AF:21,-37,,0.000000,0.000000,0.000,0.000,Client
2026-07-29 02:13:14,1900-01-00 00:00:00,,5E:EE:FC:DC:AF:21,-37,,0.000000,0.000000,0.000,0.000,Client
2026-07-29 02:13:14,1900-01-00 00:00:00,,5E:EE:FC:DC:AF:21,-38,,0.000000,0.000000,0.000,0.000,Client
2026-07-29 02:13:14,1900-01-00 00:00:00,MTN_4G_45C30F,98:A9:42:45:C3:0F,-30, WPA2 ,0.000000,0.000000,0.000,0.000,AP
2026-07-29 02:13:14,1900-01-00 00:00:00,MTN_4G_45C30F,98:A9:42:45:C3:0F,-30, WPA2 ,0.000000,0.000000,0.000,0.000,AP
2026-07-29 02:13:14,1900-01-00 00:00:00,MTN_4G_45C30F,98:A9:42:45:C3:0F,-30, WPA2 ,0.000000,0.000000,0.000,0.000,AP
2026-07-29 02:13:14,1900-01-00 00:00:00,MTN_4G_45C30F,98:A9:42:45:C3:0F,-30, WPA2 ,0.000000,0.000000,0.000,0.000,AP
2026-07-29 02:13:14,1900-01-00 00:00:00,MTN_4G_45C30F,98:A9:42:45:C3:0F,-30, WPA2 ,0.000000,0.000000,0.000,0.000,AP
2026-07-29 02:13:14,1900-01-00 00:00:00,MTN_4G_45C30F,98:A9:42:45:C3:0F,-30, WPA2 ,0.000000,0.000000,0.000,0.000,AP
2026-07-29 02:13:14,1900-01-00 00:00:00,MTN_4G_45C30F,98:A9:42:45:C3:0F,-30, WPA2 ,0.000000,0.000000,0.000,0.000,AP
2026-07-29 02:13:14,1900-01-00 00:00:00,MTN_4G_45C30F,98:A9:42:45:C3:0F,-30, WPA2 ,0.000000,0.000000,0.000,0.000,AP
2026-07-29 02:13:14,1900-01-00 00:00:00,MTN_4G_45C30F,98:A9:42:45:C3:0F,-30, WPA2 ,0.000000,0.000000,0.000,0.000,AP
2026-07-29 02:13:14,1900-01-00 00:00:00,MTN_4G_45C30F,98:A9:42:45:C3:0F,-30, WPA2 ,0.000000,0.000000,0.000,0.000,AP
2026-07-29 02:13:14,1900-01-00 00:00:00,MTN_4G_45C30F,98:A9:42:45:C3:0F,-30, WPA2 ,0.000000,0.000000,0.000,0.000,AP
2026-07-29 02:13:14,1900-01-00 00:00:00,,5E:EE:FC:DC:AF:21,-37,,0.000000,0.000000,0.000,0.000,Client
2026-07-29 02:13:14,1900-01-00 00:00:00,,5E:EE:FC:DC:AF:21,-37,,0.000000,0.000000,0.000,0.000,Client
2026-07-29 02:13:14,1900-01-00 00:00:00,,5E:EE:FC:DC:AF:21,-37,,0.000000,0.000000,0.000,0.000,Client
2026-07-29 02:13:14,1900-01-00 00:00:00,,5E:EE:FC:DC:AF:21,-37,,0.000000,0.000000,0.000,0.000,Client
2026-07-29 02:13:14,1900-01-00 00:00:00,,5E:EE:FC:DC:AF:21,-37,,0.000000,0.000000,0.000,0.000,Client
2026-07-29 02:13:14,1900-01-00 00:00:00,,5E:EE:FC:DC:AF:21,-37,,0.000000,0.000000,0.000,0.000,Client
2026-07-29 02:13:14,1900-01-00 00:00:00,,5E:EE:FC:DC:AF:21,-37,,0.000000,0.000000,0.000,0.000,Client
2026-07-29 02:13:14,1900-01-00 00:00:00,,5E:EE:FC:DC:AF:21,-37,,0.000000,0.000000,0.000,0.000,Client
2026-07-29 02:13:14,1900-01-00 00:00:00,,5E:EE:FC:DC:AF:21,-37,,0.000000,0.000000,0.000,0.000,Client
2026-07-29 02:13:14,1900-01-00 00:00:00,,5E:EE:FC:DC:AF:21,-37,,0.000000,0.000000,0.000,0.000,Client
2026-07-29 02:13:14,1900-01-00 00:00:00,,5E:EE:FC:DC:AF:21,-37,,0.000000,0.000000,0.000,0.000,Client
2026-07-29 02:13:14,1900-01-00 00:00:00,,5E:EE:FC:DC:AF:21,-37,,0.000000,0.000000,0.000,0.000,Client
2026-07-29 02:13:14,1900-01-00 00:00:00,MTN_4G_45C30F,98:A9:42:45:C3:0F,-30, WPA2 ,0.000000,0.000000,0.000,0.000,AP
2026-07-29 02:13:14,1900-01-00 00:00:00,MTN_4G_45C30F,98:A9:42:45:C3:0F,-30, WPA2 ,0.000000,0.000000,0.000,0.000,AP
2026-07-29 02:13:14,1900-01-00 00:00:00,MTN_4G_45C30F,98:A9:42:45:C3:0F,-30, WPA2 ,0.000000,0.000000,0.000,0.000,AP
2026-07-29 02:13:14,1900-01-00 00:00:00,,5E:EE:FC:DC:AF:21,-37,,0.000000,0.000000,0.000,0.000,Client
2026-07-29 02:13:14,1900-01-00 00:00:00,,5E:EE:FC:DC:AF:21,-37,,0.000000,0.000000,0.000,0.000,Client
2026-07-29 02:13:14,1900-01-00 00:00:00,,5E:EE:FC:DC:AF:21,-37,,0.000000,0.000000,0.000,0.000,Client
2026-07-29 02:13:14,1900-01-00 00:00:00,,5E:EE:FC:DC:AF:21,-37,,0.000000,0.000000,0.000,0.000,Client
2026-07-29 02:13:14,1900-01-00 00:00:00,,5E:EE:FC:DC:AF:21,-37,,0.000000,0.000000,0.000,0.000,Client
2026-07-29 02:13:14,1900-01-00 00:00:00,,5E:EE:FC:DC:AF:21,-37,,0.000000,0.000000,0.000,0.000,Client
2026-07-29 02:13:14,1900-01-00 00:00:00,MTN_4G_45C30F,98:A9:42:45:C3:0F,-26, WPA2 ,0.000000,0.000000,0.000,0.000,AP
2026-07-29 02:13:14,1900-01-00 00:00:00,,5E:EE:FC:DC:AF:21,-36,,0.000000,0.000000,0.000,0.000,Client
2026-07-29 02:13:14,1900-01-00 00:00:00,,5E:EE:FC:DC:AF:21,-37,,0.000000,0.000000,0.000,0.000,Client
2026-07-29 02:13:14,1900-01-00 00:00:00,MTN_4G_45C30F,98:A9:42:45:C3:0F,-30, WPA2 ,0.000000,0.000000,0.000,0.000,AP
2026-07-29 02:13:14,1900-01-00 00:00:00,MTN_4G_45C30F,98:A9:42:45:C3:0F,-30, WPA2 ,0.000000,0.000000,0.000,0.000,AP
2026-07-29 02:13:14,1900-01-00 00:00:00,,5E:EE:FC:DC:AF:21,-36,,0.000000,0.000000,0.000,0.000,Client
2026-07-29 02:13:14,1900-01-00 00:00:00,,5E:EE:FC:DC:AF:21,-37,,0.000000,0.000000,0.000,0.000,Client
2026-07-29 02:13:14,1900-01-00 00:00:00,MTN_4G_45C30F,98:A9:42:45:C3:0F,-30, WPA2 ,0.000000,0.000000,0.000,0.000,AP
2026-07-29 02:13:14,1900-01-00 00:00:00,MTN_4G_45C30F,98:A9:42:45:C3:0F,-30, WPA2 ,0.000000,0.000000,0.000,0.000,AP
2026-07-29 02:13:14,1900-01-00 00:00:00,MTN_4G_45C30F,98:A9:42:45:C3:0F,-30, WPA2 ,0.000000,0.000000,0.000,0.000,AP
2026-07-29 02:13:14,1900-01-00 00:00:00,MTN_4G_45C30F,98:A9:42:45:C3:0F,-30, WPA2 ,0.000000,0.000000,0.000,0.000,AP
2026-07-29 02:13:14,1900-01-00 00:00:00,MTN_4G_45C30F,98:A9:42:45:C3:0F,-30, WPA2 ,0.000000,0.000000,0.000,0.000,AP
2026-07-29 02:13:14,1900-01-00 00:00:00,,5E:EE:FC:DC:AF:21,-37,,0.000000,0.000000,0.000,0.000,Client
2026-07-29 02:13:14,1900-01-00 00:00:00,,5E:EE:FC:DC:AF:21,-37,,0.000000,0.000000,0.000,0.000,Client
2026-07-29 02:13:14,1900-01-00 00:00:00,,5E:EE:FC:DC:AF:21,-37,,0.000000,0.000000,0.000,0.000,Client
2026-07-29 02:13:14,1900-01-00 00:00:00,,5E:EE:FC:DC:AF:21,-37,,0.000000,0.000000,0.000,0.000,Client
2026-07-29 02:13:14,1900-01-00 00:00:00,MTN_4G_45C30F,98:A9:42:45:C3:0F,-30, WPA2 ,0.000000,0.000000,0.000,0.000,AP
2026-07-29 02:13:14,1900-01-00 00:00:00,MTN_4G_45C30F,98:A9:42:45:C3:0F,-30, WPA2 ,0.000000,0.000000,0.000,0.000,AP
2026-07-29 02:13:14,1900-01-00 00:00:00,MTN_4G_45C30F,98:A9:42:45:C3:0F,-30, WPA2 ,0.000000,0.000000,0.000,0.000,AP
2026-07-29 02:13:14,1900-01-00 00:00:00,MTN_4G_45C30F,98:A9:42:45:C3:0F,-30, WPA2 ,0.000000,0.000000,0.000,0.000,AP
2026-07-29 02:13:14,1900-01-00 00:00:00,MTN_4G_45C30F,98:A9:42:45:C3:0F,-30, WPA2 ,0.000000,0.000000,0.000,0.000,AP
2026-07-29 02:13:14,1900-01-00 00:00:00,MTN_4G_45C30F,98:A9:42:45:C3:0F,-30, WPA2 ,0.000000,0.000000,0.000,0.000,AP
2026-07-29 02:13:14,1900-01-00 00:00:00,,5E:EE:FC:DC:AF:21,-37,,0.000000,0.000000,0.000,0.000,Client
2026-07-29 02:13:14,1900-01-00 00:00:00,,5E:EE:FC:DC:AF:21,-37,,0.000000,0.000000,0.000,0.000,Client
2026-07-29 02:13:14,1900-01-00 00:00:00,,5E:EE:FC:DC:AF:21,-37,,0.000000,0.000000,0.000,0.000,Client
2026-07-29 02:13:14,1900-01-00 00:00:00,,5E:EE:FC:DC:AF:21,-37,,0.000000,0.000000,0.000,0.000,Client
2026-07-29 02:13:14,1900-01-00 00:00:00,,5E:EE:FC:DC:AF:21,-37,,0.000000,0.000000,0.000,0.000,Client
2026-07-29 02:13:14,1900-01-00 00:00:00,,5E:EE:FC:DC:AF:21,-37,,0.000000,0.000000,0.000,0.000,Client
2026-07-29 02:13:14,1900-01-00 00:00:00,,5E:EE:FC:DC:AF:21,-37,,0.000000,0.000000,0.000,0.000,Client
2026-07-29 02:13:14,1900-01-00 00:00:00,MTN_4G_45C30F,98:A9:42:45:C3:0F,-30, WPA2 ,0.000000,0.000000,0.000,0.000,AP
2026-07-29 02:13:14,1900-01-00 00:00:00,,5E:EE:FC:DC:AF:21,-37,,0.000000,0.000000,0.000,0.000,Client
2026-07-29 02:13:14,1900-01-00 00:00:00,MTN_4G_45C30F,98:A9:42:45:C3:0F,-30, WPA2 ,0.000000,0.000000,0.000,0.000,AP
2026-07-29 02:13:14,1900-01-00 00:00:00,MTN_4G_45C30F,98:A9:42:45:C3:0F,-30, WPA2 ,0.000000,0.000000,0.000,0.000,AP
2026-07-29 02:13:14,1900-01-00 00:00:00,,5E:EE:FC:DC:AF:21,-37,,0.000000,0.000000,0.000,0.000,Client
2026-07-29 02:13:14,1900-01-00 00:00:00,,5E:EE:FC:DC:AF:21,-37,,0.000000,0.000000,0.000,0.000,Client
2026-07-29 02:13:14,1900-01-00 00:00:00,MTN_4G_45C30F,98:A9:42:45:C3:0F,-30, WPA2 ,0.000000,0.000000,0.000,0.000,AP
2026-07-29 02:13:14,1900-01-00 00:00:00,,5E:EE:FC:DC:AF:21,-37,,0.000000,0.000000,0.000,0.000,Client
2026-07-29 02:13:14,1900-01-00 00:00:00,,5E:EE:FC:DC:AF:21,-37,,0.000000,0.000000,0.000,0.000,Client
2026-07-29 02:13:14,1900-01-00 00:00:00,MTN_4G_45C30F,98:A9:42:45:C3:0F,-25, WPA2 ,0.000000,0.000000,0.000,0.000,AP
2026-07-29 02:13:14,1900-01-00 00:00:00,,5E:EE:FC:DC:AF:21,-37,,0.000000,0.000000,0.000,0.000,Client
2026-07-29 02:13:14,1900-01-00 00:00:00,MTN_4G_45C30F,98:A9:42:45:C3:0F,-30, WPA2 ,0.000000,0.000000,0.000,0.000,AP
2026-07-29 02:13:14,1900-01-00 00:00:00,MTN_4G_45C30F,98:A9:42:45:C3:0F,-30, WPA2 ,0.000000,0.000000,0.000,0.000,AP
2026-07-29 02:13:14,1900-01-00 00:00:00,,5E:EE:FC:DC:AF:21,-37,,0.000000,0.000000,0.000,0.000,Client
2026-07-29 02:13:14,1900-01-00 00:00:00,,5E:EE:FC:DC:AF:21,-38,,0.000000,0.000000,0.000,0.000,Client
2026-07-29 02:13:14,1900-01-00 00:00:00,,5E:EE:FC:DC:AF:21,-38,,0.000000,0.000000,0.000,0.000,Client
2026-07-29 02:13:14,1900-01-00 00:00:00,,5E:EE:FC:DC:AF:21,-38,,0.000000,0.000000,0.000,0.000,Client
2026-07-29 02:13:14,1900-01-00 00:00:00,MTN_4G_45C30F,98:A9:42:45:C3:0F,-30, WPA2 ,0.000000,0.000000,0.000,0.000,AP
2026-07-29 02:13:14,1900-01-00 00:00:00,MTN_4G_45C30F,98:A9:42:45:C3:0F,-30, WPA2 ,0.000000,0.000000,0.000,0.000,AP
2026-07-29 02:13:14,1900-01-00 00:00:00,,5E:EE:FC:DC:AF:21,-37,,0.000000,0.000000,0.000,0.000,Client
2026-07-29 02:13:14,1900-01-00 00:00:00,MTN_4G_45C30F,98:A9:42:45:C3:0F,-30, WPA2 ,0.000000,0.000000,0.000,0.000,AP
2026-07-29 02:13:14,1900-01-00 00:00:00,,5E:EE:FC:DC:AF:21,-37,,0.000000,0.000000,0.000,0.000,Client
2026-07-29 02:13:14,1900-01-00 00:00:00,,5E:EE:FC:DC:AF:21,-37,,0.000000,0.000000,0.000,0.000,Client
2026-07-29 02:13:14,1900-01-00 00:00:00,MTN_4G_45C30F,98:A9:42:45:C3:0F,-25, WPA2 ,0.000000,0.000000,0.000,0.000,AP
2026-07-29 02:13:14,1900-01-00 00:00:00,MTN_4G_45C30F,98:A9:42:45:C3:0F,-30, WPA2 ,0.000000,0.000000,0.000,0.000,AP
2026-07-29 02:13:14,1900-01-00 00:00:00,,5E:EE:FC:DC:AF:21,-37,,0.000000,0.000000,0.000,0.000,Client
2026-07-29 02:13:14,1900-01-00 00:00:00,MTN_4G_45C30F,98:A9:42:45:C3:0F,-30, WPA2 ,0.000000,0.000000,0.000,0.000,AP
2026-07-29 02:13:14,1900-01-00 00:00:00,,5E:EE:FC:DC:AF:21,-36,,0.000000,0.000000,0.000,0.000,Client
2026-07-29 02:13:14,1900-01-00 00:00:00,,5E:EE:FC:DC:AF:21,-37,,0.000000,0.000000,0.000,0.000,Client
2026-07-29 02:13:14,1900-01-00 00:00:00,MTN_4G_45C30F,98:A9:42:45:C3:0F,-30, WPA2 ,0.000000,0.000000,0.000,0.000,AP
2026-07-29 02:13:14,1900-01-00 00:00:00,MTN_4G_45C30F,98:A9:42:45:C3:0F,-30, WPA2 ,0.000000,0.000000,0.000,0.000,AP
2026-07-29 02:13:14,1900-01-00 00:00:00,MTN_4G_45C30F,98:A9:42:45:C3:0F,-30, WPA2 ,0.000000,0.000000,0.000,0.000,AP
2026-07-29 02:13:14,1900-01-00 00:00:00,MTN_4G_45C30F,98:A9:42:45:C3:0F,-30, WPA2 ,0.000000,0.000000,0.000,0.000,AP
2026-07-29 02:13:14,1900-01-00 00:00:00,,5E:EE:FC:DC:AF:21,-36,,0.000000,0.000000,0.000,0.000,Client
2026-07-29 02:13:14,1900-01-00 00:00:00,,5E:EE:FC:DC:AF:21,-36,,0.000000,0.000000,0.000,0.000,Client
2026-07-29 02:13:14,1900-01-00 00:00:00,,5E:EE:FC:DC:AF:21,-37,,0.000000,0.000000,0.000,0.000,Client
2026-07-29 02:13:14,1900-01-00 00:00:00,,5E:EE:FC:DC:AF:21,-37,,0.000000,0.000000,0.000,0.000,Client
2026-07-29 02:13:14,1900-01-00 00:00:00,MTN_4G_45C30F,98:A9:42:45:C3:0F,-30, WPA2 ,0.000000,0.000000,0.000,0.000,AP
2026-07-29 02:13:14,1900-01-00 00:00:00,MTN_4G_45C30F,98:A9:42:45:C3:0F,-30, WPA2 ,0.000000,0.000000,0.000,0.000,AP
2026-07-29 02:13:14,1900-01-00 00:00:00,,5E:EE:FC:DC:AF:21,-36,,0.000000,0.000000,0.000,0.000,Client
2026-07-29 02:13:14,1900-01-00 00:00:00,,5E:EE:FC:DC:AF:21,-36,,0.000000,0.000000,0.000,0.000,Client
2026-07-29 02:13:14,1900-01-00 00:00:00,,5E:EE:FC:DC:AF:21,-36,,0.000000,0.000000,0.000,0.000,Client
2026-07-29 02:13:14,1900-01-00 00:00:00,,5E:EE:FC:DC:AF:21,-36,,0.000000,0.000000,0.000,0.000,Client
2026-07-29 02:13:14,1900-01-00 00:00:00,,5E:EE:FC:DC:AF:21,-37,,0.000000,0.000000,0.000,0.000,Client
2026-07-29 02:13:14,1900-01-00 00:00:00,,5E:EE:FC:DC:AF:21,-37,,0.000000,0.000000,0.000,0.000,Client
2026-07-29 02:13:14,1900-01-00 00:00:00,,5E:EE:FC:DC:AF:21,-37,,0.000000,0.000000,0.000,0.000,Client
2026-07-29 02:13:14,1900-01-00 00:00:00,,5E:EE:FC:DC:AF:21,-37,,0.000000,0.000000,0.000,0.000,Client
2026-07-29 02:13:14,1900-01-00 00:00:00,MTN_4G_45C30F,98:A9:42:45:C3:0F,-30, WPA2 ,0.000000,0.000000,0.000,0.000,AP
2026-07-29 02:13:14,1900-01-00 00:00:00,MTN_4G_45C30F,98:A9:42:45:C3:0F,-30, WPA2 ,0.000000,0.000000,0.000,0.000,AP
2026-07-29 02:13:14,1900-01-00 00:00:00,,5E:EE:FC:DC:AF:21,-36,,0.000000,0.000000,0.000,0.000,Client
2026-07-29 02:13:14,1900-01-00 00:00:00,,5E:EE:FC:DC:AF:21,-37,,0.000000,0.000000,0.000,0.000,Client
2026-07-29 02:13:14,1900-01-00 00:00:00,MTN_4G_45C30F,98:A9:42:45:C3:0F,-30, WPA2 ,0.000000,0.000000,0.000,0.000,AP
2026-07-29 02:13:14,1900-01-00 00:00:00,,5E:EE:FC:DC:AF:21,-36,,0.000000,0.000000,0.000,0.000,Client
2026-07-29 02:13:14,1900-01-00 00:00:00,,5E:EE:FC:DC:AF:21,-36,,0.000000,0.000000,0.000,0.000,Client
2026-07-29 02:13:14,1900-01-00 00:00:00,,5E:EE:FC:DC:AF:21,-36,,0.000000,0.000000,0.000,0.000,Client
2026-07-29 02:13:14,1900-01-00 00:00:00,,5E:EE:FC:DC:AF:21,-37,,0.000000,0.000000,0.000,0.000,Client
2026-07-29 02:13:14,1900-01-00 00:00:00,,5E:EE:FC:DC:AF:21,-37,,0.000000,0.000000,0.000,0.000,Client
2026-07-29 02:13:14,1900-01-00 00:00:00,,5E:EE:FC:DC:AF:21,-37,,0.000000,0.000000,0.000,0.000,Client
2026-07-29 02:13:14,1900-01-00 00:00:00,MTN_4G_45C30F,98:A9:42:45:C3:0F,-30, WPA2 ,0.000000,0.000000,0.000,0.000,AP
2026-07-29 02:13:14,1900-01-00 00:00:00,,5E:EE:FC:DC:AF:21,-36,,0.000000,0.000000,0.000,0.000,Client
2026-07-29 02:13:14,1900-01-00 00:00:00,,5E:EE:FC:DC:AF:21,-37,,0.000000,0.000000,0.000,0.000,Client
2026-07-29 02:13:14,1900-01-00 00:00:00,,5E:EE:FC:DC:AF:21,-37,,0.000000,0.000000,0.000,0.000,Client
2026-07-29 02:13:14,1900-01-00 00:00:00,,5E:EE:FC:DC:AF:21,-37,,0.000000,0.000000,0.000,0.000,Client
2026-07-29 02:13:14,1900-01-00 00:00:00,MTN_4G_45C30F,98:A9:42:45:C3:0F,-26, WPA2 ,0.000000,0.000000,0.000,0.000,AP
2026-07-29 02:13:14,1900-01-00 00:00:00,MTN_4G_45C30F,98:A9:42:45:C3:0F,-30, WPA2 ,0.000000,0.000000,0.000,0.000,AP
2026-07-29 02:13:14,1900-01-00 00:00:00,MTN_4G_45C30F,98:A9:42:45:C3:0F,-30, WPA2 ,0.000000,0.000000,0.000,0.000,AP
2026-07-29 02:13:14,1900-01-00 00:00:00,,5E:EE:FC:DC:AF:21,-37,,0.000000,0.000000,0.000,0.000,Client
2026-07-29 02:13:14,1900-01-00 00:00:00,,5E:EE:FC:DC:AF:21,-37,,0.000000,0.000000,0.000,0.000,Client
2026-07-29 02:13:14,1900-01-00 00:00:00,MTN_4G_45C30F,98:A9:42:45:C3:0F,-30, WPA2 ,0.000000,0.000000,0.000,0.000,AP
2026-07-29 02:13:14,1900-01-00 00:00:00,,5E:EE:FC:DC:AF:21,-37,,0.000000,0.000000,0.000,0.000,Client
2026-07-29 02:13:14,1900-01-00 00:00:00,MTN_4G_45C30F,98:A9:42:45:C3:0F,-30, WPA2 ,0.000000,0.000000,0.000,0.000,AP
2026-07-29 02:13:14,1900-01-00 00:00:00,MTN_4G_45C30F,98:A9:42:45:C3:0F,-25, WPA2 ,0.000000,0.000000,0.000,0.000,AP
2026-07-29 02:13:14,1900-01-00 00:00:00,,5E:EE:FC:DC:AF:21,-37,,0.000000,0.000000,0.000,0.000,Client
2026-07-29 02:13:14,1900-01-00 00:00:00,MTN_4G_45C30F,98:A9:42:45:C3:0F,-30, WPA2 ,0.000000,0.000000,0.000,0.000,AP
2026-07-29 02:13:14,1900-01-00 00:00:00,MTN_4G_45C30F,98:A9:42:45:C3:0F,-30, WPA2 ,0.000000,0.000000,0.000,0.000,AP
2026-07-29 02:13:14,1900-01-00 00:00:00,,5E:EE:FC:DC:AF:21,-38,,0.000000,0.000000,0.000,0.000,Client
2026-07-29 02:13:14,1900-01-00 00:00:00,,5E:EE:FC:DC:AF:21,-38,,0.000000,0.000000,0.000,0.000,Client
2026-07-29 02:13:14,1900-01-00 00:00:00,MTN_4G_45C30F,98:A9:42:45:C3:0F,-30, WPA2 ,0.000000,0.000000,0.000,0.000,AP
2026-07-29 02:13:14,1900-01-00 00:00:00,,5E:EE:FC:DC:AF:21,-38,,0.000000,0.000000,0.000,0.000,Client
2026-07-29 02:13:14,1900-01-00 00:00:00,MTN_4G_45C30F,98:A9:42:45:C3:0F,-26, WPA2 ,0.000000,0.000000,0.000,0.000,AP
2026-07-29 02:13:14,1900-01-00 00:00:00,MTN_4G_45C30F,98:A9:42:45:C3:0F,-30, WPA2 ,0.000000,0.000000,0.000,0.000,AP
2026-07-29 02:13:14,1900-01-00 00:00:00,MTN_4G_45C30F,98:A9:42:45:C3:0F,-30, WPA2 ,0.000000,0.000000,0.000,0.000,AP
2026-07-29 02:13:14,1900-01-00 00:00:00,,5E:EE:FC:DC:AF:21,-38,,0.000000,0.000000,0.000,0.000,Client
2026-07-29 02:13:14,1900-01-00 00:00:00,MTN_4G_45C30F,98:A9:42:45:C3:0F,-30, WPA2 ,0.000000,0.000000,0.000,0.000,AP
2026-07-29 02:13:14,1900-01-00 00:00:00,,5E:EE:FC:DC:AF:21,-38,,0.000000,0.000000,0.000,0.000,Client
2026-07-29 02:13:14,1900-01-00 00:00:00,MTN_4G_45C30F,98:A9:42:45:C3:0F,-30, WPA2 ,0.000000,0.000000,0.000,0.000,AP
2026-07-29 02:13:14,1900-01-00 00:00:00,MTN_4G_45C30F,98:A9:42:45:C3:0F,-30, WPA2 ,0.000000,0.000000,0.000,0.000,AP
2026-07-29 02:13:14,1900-01-00 00:00:00,MTN_4G_45C30F,98:A9:42:45:C3:0F,-30, WPA2 ,0.000000,0.000000,0.000,0.000,AP
2026-07-29 02:13:14,1900-01-00 00:00:00,MTN_4G_45C30F,98:A9:42:45:C3:0F,-30, WPA2 ,0.000000,0.000000,0.000,0.000,AP
2026-07-29 02:13:14,1900-01-00 00:00:00,,5E:EE:FC:DC:AF:21,-38,,0.000000,0.000000,0.000,0.000,Client
2026-07-29 02:13:14,1900-01-00 00:00:00,MTN_4G_45C30F,98:A9:42:45:C3:0F,-30, WPA2 ,0.000000,0.000000,0.000,0.000,AP
2026-07-29 02:13:14,1900-01-00 00:00:00,MTN_4G_45C30F,98:A9:42:45:C3:0F,-30, WPA2 ,0.000000,0.000000,0.000,0.000,AP
2026-07-29 02:13:14,1900-01-00 00:00:00,MTN_4G_45C30F,98:A9:42:45:C3:0F,-30, WPA2 ,0.000000,0.000000,0.000,0.000,AP
2026-07-29 02:13:14,1900-01-00 00:00:00,MTN_4G_45C30F,98:A9:42:45:C3:0F,-30, WPA2 ,0.000000,0.000000,0.000,0.000,AP
2026-07-29 02:13:14,1900-01-00 00:00:00,MTN_4G_45C30F,98:A9:42:45:C3:0F,-30, WPA2 ,0.000000,0.000000,0.000,0.000,AP
2026-07-29 02:13:14,1900-01-00 00:00:00,,5E:EE:FC:DC:AF:21,-38,,0.000000,0.000000,0.000,0.000,Client
2026-07-29 02:13:14,1900-01-00 00:00:00,MTN_4G_45C30F,98:A9:42:45:C3:0F,-30, WPA2 ,0.000000,0.000000,0.000,0.000,AP
2026-07-29 02:13:14,1900-01-00 00:00:00,MTN_4G_45C30F,98:A9:42:45:C3:0F,-30, WPA2 ,0.000000,0.000000,0.000,0.000,AP
2026-07-29 02:13:14,1900-01-00 00:00:00,,5E:EE:FC:DC:AF:21,-39,,0.000000,0.000000,0.000,0.000,Client
2026-07-29 02:13:14,1900-01-00 00:00:00,MTN_4G_45C30F,98:A9:42:45:C3:0F,-30, WPA2 ,0.000000,0.000000,0.000,0.000,AP
2026-07-29 02:13:14,1900-01-00 00:00:00,MTN_4G_45C30F,98:A9:42:45:C3:0F,-30, WPA2 ,0.000000,0.000000,0.000,0.000,AP
2026-07-29 02:13:14,1900-01-00 00:00:00,MTN_4G_45C30F,98:A9:42:45:C3:0F,-30, WPA2 ,0.000000,0.000000,0.000,0.000,AP
2026-07-29 02:13:14,1900-01-00 00:00:00,MTN_4G_45C30F,98:A9:42:45:C3:0F,-25, WPA2 ,0.000000,0.000000,0.000,0.000,AP
2026-07-29 02:13:14,1900-01-00 00:00:00,MTN_4G_45C30F,98:A9:42:45:C3:0F,-30, WPA2 ,0.000000,0.000000,0.000,0.000,AP
2026-07-29 02:13:14,1900-01-00 00:00:00,,5E:EE:FC:DC:AF:21,-38,,0.000000,0.000000,0.000,0.000,Client
2026-07-29 02:13:14,1900-01-00 00:00:00,MTN_4G_45C30F,98:A9:42:45:C3:0F,-30, WPA2 ,0.000000,0.000000,0.000,0.000,AP
2026-07-29 02:13:14,1900-01-00 00:00:00,MTN_4G_45C30F,98:A9:42:45:C3:0F,-30, WPA2 ,0.000000,0.000000,0.000,0.000,AP
2026-07-29 02:13:14,1900-01-00 00:00:00,MTN_4G_45C30F,98:A9:42:45:C3:0F,-30, WPA2 ,0.000000,0.000000,0.000,0.000,AP
2026-07-29 02:13:14,1900-01-00 00:00:00,,5E:EE:FC:DC:AF:21,-38,,0.000000,0.000000,0.000,0.000,Client
2026-07-29 02:13:14,1900-01-00 00:00:00,,5E:EE:FC:DC:AF:21,-38,,0.000000,0.000000,0.000,0.000,Client
2026-07-29 02:13:14,1900-01-00 00:00:00,MTN_4G_45C30F,98:A9:42:45:C3:0F,-30, WPA2 ,0.000000,0.000000,0.000,0.000,AP
2026-07-29 02:13:14,1900-01-00 00:00:00,MTN_4G_45C30F,98:A9:42:45:C3:0F,-30, WPA2 ,0.000000,0.000000,0.000,0.000,AP
2026-07-29 02:13:14,1900-01-00 00:00:00,MTN_4G_45C30F,98:A9:42:45:C3:0F,-30, WPA2 ,0.000000,0.000000,0.000,0.000,AP
2026-07-29 02:13:14,1900-01-00 00:00:00,MTN_4G_45C30F,98:A9:42:45:C3:0F,-25, WPA2 ,0.000000,0.000000,0.000,0.000,AP
2026-07-29 02:13:14,1900-01-00 00:00:00,MTN_4G_45C30F,98:A9:42:45:C3:0F,-30, WPA2 ,0.000000,0.000000,0.000,0.000,AP
2026-07-29 02:13:14,1900-01-00 00:00:00,MTN_4G_45C30F,98:A9:42:45:C3:0F,-30, WPA2 ,0.000000,0.000000,0.000,0.000,AP
2026-07-29 02:13:14,1900-01-00 00:00:00,MTN_4G_45C30F,98:A9:42:45:C3:0F,-30, WPA2 ,0.000000,0.000000,0.000,0.000,AP
2026-07-29 02:13:14,1900-01-00 00:00:00,MTN_4G_45C30F,98:A9:42:45:C3:0F,-30, WPA2 ,0.000000,0.000000,0.000,0.000,AP
2026-07-29 02:13:14,1900-01-00 00:00:00,MTN_4G_45C30F,98:A9:42:45:C3:0F,-30, WPA2 ,0.000000,0.000000,0.000,0.000,AP
2026-07-29 02:13:14,1900-01-00 00:00:00,MTN_4G_45C30F,98:A9:42:45:C3:0F,-30, WPA2 ,0.000000,0.000000,0.000,0.000,AP
2026-07-29 02:13:14,1900-01-00 00:00:00,MTN_4G_45C30F,98:A9:42:45:C3:0F,-30, WPA2 ,0.000000,0.000000,0.000,0.000,AP
2026-07-29 02:13:14,1900-01-00 00:00:00,,5E:EE:FC:DC:AF:21,-39,,0.000000,0.000000,0.000,0.000,Client
2026-07-29 02:13:14,1900-01-00 00:00:00,MTN_4G_45C30F,98:A9:42:45:C3:0F,-30, WPA2 ,0.000000,0.000000,0.000,0.000,AP
2026-07-29 02:13:14,1900-01-00 00:00:00,,5E:EE:FC:DC:AF:21,-39,,0.000000,0.000000,0.000,0.000,Client
2026-07-29 02:13:14,1900-01-00 00:00:00,MTN_4G_45C30F,98:A9:42:45:C3:0F,-30, WPA2 ,0.000000,0.000000,0.000,0.000,AP
2026-07-29 02:13:14,1900-01-00 00:00:00,MTN_4G_45C30F,98:A9:42:45:C3:0F,-30, WPA2 ,0.000000,0.000000,0.000,0.000,AP
2026-07-29 02:13:14,1900-01-00 00:00:00,MTN_4G_45C30F,98:A9:42:45:C3:0F,-26, WPA2 ,0.000000,0.000000,0.000,0.000,AP
2026-07-29 02:13:14,1900-01-00 00:00:00,,5E:EE:FC:DC:AF:21,-39,,0.000000,0.000000,0.000,0.000,Client
2026-07-29 02:13:14,1900-01-00 00:00:00,MTN_4G_45C30F,98:A9:42:45:C3:0F,-30, WPA2 ,0.000000,0.000000,0.000,0.000,AP
2026-07-29 02:13:14,1900-01-00 00:00:00,MTN_4G_45C30F,98:A9:42:45:C3:0F,-30, WPA2 ,0.000000,0.000000,0.000,0.000,AP
2026-07-29 02:13:14,1900-01-00 00:00:00,,5E:EE:FC:DC:AF:21,-38,,0.000000,0.000000,0.000,0.000,Client
2026-07-29 02:13:14,1900-01-00 00:00:00,MTN_4G_45C30F,98:A9:42:45:C3:0F,-30, WPA2 ,0.000000,0.000000,0.000,0.000,AP
2026-07-29 02:13:14,1900-01-00 00:00:00,MTN_4G_45C30F,98:A9:42:45:C3:0F,-30, WPA2 ,0.000000,0.000000,0.000,0.000,AP
2026-07-29 02:13:14,1900-01-00 00:00:00,MTN_4G_45C30F,98:A9:42:45:C3:0F,-30, WPA2 ,0.000000,0.000000,0.000,0.000,AP
2026-07-29 02:13:14,1900-01-00 00:00:00,,5E:EE:FC:DC:AF:21,-38,,0.000000,0.000000,0.000,0.000,Client
2026-07-29 02:13:14,1900-01-00 00:00:00,MTN_4G_45C30F,98:A9:42:45:C3:0F,-30, WPA2 ,0.000000,0.000000,0.000,0.000,AP
2026-07-29 02:13:14,1900-01-00 00:00:00,,5E:EE:FC:DC:AF:21,-38,,0.000000,0.000000,0.000,0.000,Client
2026-07-29 02:13:14,1900-01-00 00:00:00,,5E:EE:FC:DC:AF:21,-38,,0.000000,0.000000,0.000,0.000,Client
2026-07-29 02:13:14,1900-01-00 00:00:00,,5E:EE:FC:DC:AF:21,-38,,0.000000,0.000000,0.000,0.000,Client
2026-07-29 02:13:14,1900-01-00 00:00:00,,5E:EE:FC:DC:AF:21,-38,,0.000000,0.000000,0.000,0.000,Client
2026-07-29 02:13:14,1900-01-00 00:00:00,MTN_4G_45C30F,98:A9:42:45:C3:0F,-25, WPA2 ,0.000000,0.000000,0.000,0.000,AP
2026-07-29 02:13:14,1900-01-00 00:00:00,MTN_4G_45C30F,98:A9:42:45:C3:0F,-30, WPA2 ,0.000000,0.000000,0.000,0.000,AP
2026-07-29 02:13:14,1900-01-00 00:00:00,,5E:EE:FC:DC:AF:21,-38,,0.000000,0.000000,0.000,0.000,Client
2026-07-29 02:13:14,1900-01-00 00:00:00,MTN_4G_45C30F,98:A9:42:45:C3:0F,-30, WPA2 ,0.000000,0.000000,0.000,0.000,AP
2026-07-29 02:13:14,1900-01-00 00:00:00,MTN_4G_45C30F,98:A9:42:45:C3:0F,-30, WPA2 ,0.000000,0.000000,0.000,0.000,AP
2026-07-29 02:13:14,1900-01-00 00:00:00,MTN_4G_45C30F,98:A9:42:45:C3:0F,-30, WPA2 ,0.000000,0.000000,0.000,0.000,AP
2026-07-29 02:13:15,1900-01-00 00:00:00,,5E:EE:FC:DC:AF:21,-38,,0.000000,0.000000,0.000,0.000,Client
2026-07-29 02:13:15,1900-01-00 00:00:00,,5E:EE:FC:DC:AF:21,-38,,0.000000,0.000000,0.000,0.000,Client
2026-07-29 02:13:15,1900-01-00 00:00:00,MTN_4G_45C30F,98:A9:42:45:C3:0F,-25, WPA2 ,0.000000,0.000000,0.000,0.000,AP
2026-07-29 02:13:15,1900-01-00 00:00:00,,5E:EE:FC:DC:AF:21,-38,,0.000000,0.000000,0.000,0.000,Client
2026-07-29 02:13:15,1900-01-00 00:00:00,MTN_4G_45C30F,98:A9:42:45:C3:0F,-30, WPA2 ,0.000000,0.000000,0.000,0.000,AP
2026-07-29 02:13:15,1900-01-00 00:00:00,MTN_4G_45C30F,98:A9:42:45:C3:0F,-30, WPA2 ,0.000000,0.000000,0.000,0.000,AP
2026-07-29 02:13:15,1900-01-00 00:00:00,,5E:EE:FC:DC:AF:21,-38,,0.000000,0.000000,0.000,0.000,Client
2026-07-29 02:13:15,1900-01-00 00:00:00,,5E:EE:FC:DC:AF:21,-38,,0.000000,0.000000,0.000,0.000,Client
2026-07-29 02:13:15,1900-01-00 00:00:00,MTN_4G_45C30F,98:A9:42:45:C3:0F,-25, WPA2 ,0.000000,0.000000,0.000,0.000,AP
2026-07-29 02:13:15,1900-01-00 00:00:00,,5E:EE:FC:DC:AF:21,-38,,0.000000,0.000000,0.000,0.000,Client
2026-07-29 02:13:15,1900-01-00 00:00:00,,5E:EE:FC:DC:AF:21,-38,,0.000000,0.000000,0.000,0.000,Client
2026-07-29 02:13:15,1900-01-00 00:00:00,MTN_4G_45C30F,98:A9:42:45:C3:0F,-30, WPA2 ,0.000000,0.000000,0.000,0.000,AP
2026-07-29 02:13:15,1900-01-00 00:00:00,MTN_4G_45C30F,98:A9:42:45:C3:0F,-30, WPA2 ,0.000000,0.000000,0.000,0.000,AP
2026-07-29 02:13:15,1900-01-00 00:00:00,MTN_4G_45C30F,98:A9:42:45:C3:0F,-30, WPA2 ,0.000000,0.000000,0.000,0.000,AP
2026-07-29 02:13:15,1900-01-00 00:00:00,MTN_4G_45C30F,98:A9:42:45:C3:0F,-30, WPA2 ,0.000000,0.000000,0.000,0.000,AP
2026-07-29 02:13:15,1900-01-00 00:00:00,,5E:EE:FC:DC:AF:21,-36,,0.000000,0.000000,0.000,0.000,Client
2026-07-29 02:13:15,1900-01-00 00:00:00,MTN_4G_45C30F,98:A9:42:45:C3:0F,-26, WPA2 ,0.000000,0.000000,0.000,0.000,AP
2026-07-29 02:13:15,1900-01-00 00:00:00,MTN_4G_45C30F,98:A9:42:45:C3:0F,-25, WPA2 ,0.000000,0.000000,0.000,0.000,AP
2026-07-29 02:13:15,1900-01-00 00:00:00,,5E:EE:FC:DC:AF:21,-35,,0.000000,0.000000,0.000,0.000,Client
2026-07-29 02:13:15,1900-01-00 00:00:00,MTN_4G_45C30F,98:A9:42:45:C3:0F,-30, WPA2 ,0.000000,0.000000,0.000,0.000,AP
2026-07-29 02:13:15,1900-01-00 00:00:00,MTN_4G_45C30F,98:A9:42:45:C3:0F,-30, WPA2 ,0.000000,0.000000,0.000,0.000,AP
2026-07-29 02:13:15,1900-01-00 00:00:00,MTN_4G_45C30F,98:A9:42:45:C3:0F,-30, WPA2 ,0.000000,0.000000,0.000,0.000,AP
2026-07-29 02:13:15,1900-01-00 00:00:00,MTN_4G_45C30F,98:A9:42:45:C3:0F,-30, WPA2 ,0.000000,0.000000,0.000,0.000,AP
2026-07-29 02:13:15,1900-01-00 00:00:00,MTN_4G_45C30F,98:A9:42:45:C3:0F,-30, WPA2 ,0.000000,0.000000,0.000,0.000,AP
2026-07-29 02:13:15,1900-01-00 00:00:00,,5E:EE:FC:DC:AF:21,-37,,0.000000,0.000000,0.000,0.000,Client
2026-07-29 02:13:15,1900-01-00 00:00:00,,5E:EE:FC:DC:AF:21,-37,,0.000000,0.000000,0.000,0.000,Client
2026-07-29 02:13:15,1900-01-00 00:00:00,,5E:EE:FC:DC:AF:21,-37,,0.000000,0.000000,0.000,0.000,Client
2026-07-29 02:13:15,1900-01-00 00:00:00,MTN_4G_45C30F,98:A9:42:45:C3:0F,-25, WPA2 ,0.000000,0.000000,0.000,0.000,AP
2026-07-29 02:13:15,1900-01-00 00:00:00,,5E:EE:FC:DC:AF:21,-34,,0.000000,0.000000,0.000,0.000,Client
2026-07-29 02:13:15,1900-01-00 00:00:00,MTN_4G_45C30F,98:A9:42:45:C3:0F,-25, WPA2 ,0.000000,0.000000,0.000,0.000,AP
2026-07-29 02:13:15,1900-01-00 00:00:00,MTN_4G_45C30F,98:A9:42:45:C3:0F,-25, WPA2 ,0.000000,0.000000,0.000,0.000,AP
2026-07-29 02:13:15,1900-01-00 00:00:00,,5E:EE:FC:DC:AF:21,-36,,0.000000,0.000000,0.000,0.000,Client
2026-07-29 02:13:15,1900-01-00 00:00:00,MTN_4G_45C30F,98:A9:42:45:C3:0F,-30, WPA2 ,0.000000,0.000000,0.000,0.000,AP
2026-07-29 02:13:15,1900-01-00 00:00:00,,5E:EE:FC:DC:AF:21,-35,,0.000000,0.000000,0.000,0.000,Client
2026-07-29 02:13:15,1900-01-00 00:00:00,MTN_4G_45C30F,98:A9:42:45:C3:0F,-25, WPA2 ,0.000000,0.000000,0.000,0.000,AP
2026-07-29 02:13:15,1900-01-00 00:00:00,MTN_4G_45C30F,98:A9:42:45:C3:0F,-25, WPA2 ,0.000000,0.000000,0.000,0.000,AP
2026-07-29 02:13:15,1900-01-00 00:00:00,MTN_4G_45C30F,98:A9:42:45:C3:0F,-25, WPA2 ,0.000000,0.000000,0.000,0.000,AP
2026-07-29 02:13:15,1900-01-00 00:00:00,MTN_4G_45C30F,98:A9:42:45:C3:0F,-25, WPA2 ,0.000000,0.000000,0.000,0.000,AP
2026-07-29 02:13:15,1900-01-00 00:00:00,MTN_4G_45C30F,98:A9:42:45:C3:0F,-26, WPA2 ,0.000000,0.000000,0.000,0.000,AP
2026-07-29 02:13:15,1900-01-00 00:00:00,MTN_4G_45C30F,98:A9:42:45:C3:0F,-25, WPA2 ,0.000000,0.000000,0.000,0.000,AP
2026-07-29 02:13:15,1900-01-00 00:00:00,MTN_4G_45C30F,98:A9:42:45:C3:0F,-25, WPA2 ,0.000000,0.000000,0.000,0.000,AP
2026-07-29 02:13:15,1900-01-00 00:00:00,MTN_4G_45C30F,98:A9:42:45:C3:0F,-25, WPA2 ,0.000000,0.000000,0.000,0.000,AP
2026-07-29 02:13:15,1900-01-00 00:00:00,MTN_4G_45C30F,98:A9:42:45:C3:0F,-25, WPA2 ,0.000000,0.000000,0.000,0.000,AP
2026-07-29 02:13:15,1900-01-00 00:00:00,MTN_4G_45C30F,98:A9:42:45:C3:0F,-26, WPA2 ,0.000000,0.000000,0.000,0.000,AP
2026-07-29 02:13:15,1900-01-00 00:00:00,,5E:EE:FC:DC:AF:21,-35,,0.000000,0.000000,0.000,0.000,Client
2026-07-29 02:13:15,1900-01-00 00:00:00,,5E:EE:FC:DC:AF:21,-35,,0.000000,0.000000,0.000,0.000,Client
2026-07-29 02:13:15,1900-01-00 00:00:00,MTN_4G_45C30F,98:A9:42:45:C3:0F,-25, WPA2 ,0.000000,0.000000,0.000,0.000,AP
2026-07-29 02:13:15,1900-01-00 00:00:00,MTN_4G_45C30F,98:A9:42:45:C3:0F,-25, WPA2 ,0.000000,0.000000,0.000,0.000,AP
2026-07-29 02:13:15,1900-01-00 00:00:00,MTN_4G_45C30F,98:A9:42:45:C3:0F,-25, WPA2 ,0.000000,0.000000,0.000,0.000,AP
2026-07-29 02:13:15,1900-01-00 00:00:00,,5E:EE:FC:DC:AF:21,-35,,0.000000,0.000000,0.000,0.000,Client
2026-07-29 02:13:15,1900-01-00 00:00:00,MTN_4G_45C30F,98:A9:42:45:C3:0F,-30, WPA2 ,0.000000,0.000000,0.000,0.000,AP
2026-07-29 02:13:15,1900-01-00 00:00:00,MTN_4G_45C30F,98:A9:42:45:C3:0F,-26, WPA2 ,0.000000,0.000000,0.000,0.000,AP
2026-07-29 02:13:15,1900-01-00 00:00:00,,5E:EE:FC:DC:AF:21,-34,,0.000000,0.000000,0.000,0.000,Client
2026-07-29 02:13:15,1900-01-00 00:00:00,,5E:EE:FC:DC:AF:21,-38,,0.000000,0.000000,0.000,0.000,Client
2026-07-29 02:13:15,1900-01-00 00:00:00,,5E:EE:FC:DC:AF:21,-37,,0.000000,0.000000,0.000,0.000,Client
2026-07-29 02:13:15,1900-01-00 00:00:00,,5E:EE:FC:DC:AF:21,-34,,0.000000,0.000000,0.000,0.000,Client
2026-07-29 02:13:16,1900-01-00 00:00:00,MTN_4G_45C30F,98:A9:42:45:C3:0F,-25, WPA2 ,0.000000,0.000000,0.000,0.000,AP
2026-07-29 02:13:16,1900-01-00 00:00:00,,5E:EE:FC:DC:AF:21,-31,,0.000000,0.000000,0.000,0.000,Client
2026-07-29 02:13:16,1900-01-00 00:00:00,MTN_4G_45C30F,98:A9:42:45:C3:0F,-29, WPA2 ,0.000000,0.000000,0.000,0.000,AP
2026-07-29 02:13:16,1900-01-00 00:00:00,MTN_4G_45C30F,98:A9:42:45:C3:0F,-29, WPA2 ,0.000000,0.000000,0.000,0.000,AP
2026-07-29 02:13:16,1900-01-00 00:00:00,,5E:EE:FC:DC:AF:21,-34,,0.000000,0.000000,0.000,0.000,Client
2026-07-29 02:13:16,1900-01-00 00:00:00,,5E:EE:FC:DC:AF:21,-34,,0.000000,0.000000,0.000,0.000,Client
2026-07-29 02:13:16,1900-01-00 00:00:00,,5E:EE:FC:DC:AF:21,-34,,0.000000,0.000000,0.000,0.000,Client
2026-07-29 02:13:16,1900-01-00 00:00:00,MTN_4G_45C30F,98:A9:42:45:C3:0F,-25, WPA2 ,0.000000,0.000000,0.000,0.000,AP
2026-07-29 02:13:16,1900-01-00 00:00:00,,5E:EE:FC:DC:AF:21,-32,,0.000000,0.000000,0.000,0.000,Client
2026-07-29 02:13:16,1900-01-00 00:00:00,MTN_4G_45C30F,98:A9:42:45:C3:0F,-30, WPA2 ,0.000000,0.000000,0.000,0.000,AP
2026-07-29 02:13:16,1900-01-00 00:00:00,MTN_4G_45C30F,98:A9:42:45:C3:0F,-29, WPA2 ,0.000000,0.000000,0.000,0.000,AP
2026-07-29 02:13:16,1900-01-00 00:00:00,,5E:EE:FC:DC:AF:21,-31,,0.000000,0.000000,0.000,0.000,Client
2026-07-29 02:13:16,1900-01-00 00:00:00,MTN_4G_45C30F,98:A9:42:45:C3:0F,-25, WPA2 ,0.000000,0.000000,0.000,0.000,AP
2026-07-29 02:13:16,1900-01-00 00:00:00,,5E:EE:FC:DC:AF:21,-31,,0.000000,0.000000,0.000,0.000,Client
2026-07-29 02:13:16,1900-01-00 00:00:00,MTN_4G_45C30F,98:A9:42:45:C3:0F,-30, WPA2 ,0.000000,0.000000,0.000,0.000,AP
2026-07-29 02:13:16,1900-01-00 00:00:00,MTN_4G_45C30F,98:A9:42:45:C3:0F,-29, WPA2 ,0.000000,0.000000,0.000,0.000,AP
2026-07-29 02:13:16,1900-01-00 00:00:00,MTN_4G_45C30F,98:A9:42:45:C3:0F,-29, WPA2 ,0.000000,0.000000,0.000,0.000,AP
2026-07-29 02:13:16,1900-01-00 00:00:00,,5E:EE:FC:DC:AF:21,-33,,0.000000,0.000000,0.000,0.000,Client
2026-07-29 02:13:16,1900-01-00 00:00:00,,5E:EE:FC:DC:AF:21,-33,,0.000000,0.000000,0.000,0.000,Client
2026-07-29 02:13:16,1900-01-00 00:00:00,MTN_4G_45C30F,98:A9:42:45:C3:0F,-25, WPA2 ,0.000000,0.000000,0.000,0.000,AP
2026-07-29 02:13:16,1900-01-00 00:00:00,MTN_4G_45C30F,98:A9:42:45:C3:0F,-29, WPA2 ,0.000000,0.000000,0.000,0.000,AP
2026-07-29 02:13:16,1900-01-00 00:00:00,,5E:EE:FC:DC:AF:21,-33,,0.000000,0.000000,0.000,0.000,Client
2026-07-29 02:13:16,1900-01-00 00:00:00,,5E:EE:FC:DC:AF:21,-33,,0.000000,0.000000,0.000,0.000,Client
2026-07-29 02:13:16,1900-01-00 00:00:00,MTN_4G_45C30F,98:A9:42:45:C3:0F,-29, WPA2 ,0.000000,0.000000,0.000,0.000,AP
2026-07-29 02:13:16,1900-01-00 00:00:00,,5E:EE:FC:DC:AF:21,-33,,0.000000,0.000000,0.000,0.000,Client
2026-07-29 02:13:16,1900-01-00 00:00:00,MTN_4G_45C30F,98:A9:42:45:C3:0F,-29, WPA2 ,0.000000,0.000000,0.000,0.000,AP
2026-07-29 02:13:16,1900-01-00 00:00:00,MTN_4G_45C30F,98:A9:42:45:C3:0F,-29, WPA2 ,0.000000,0.000000,0.000,0.000,AP
2026-07-29 02:13:16,1900-01-00 00:00:00,,5E:EE:FC:DC:AF:21,-33,,0.000000,0.000000,0.000,0.000,Client
2026-07-29 02:13:16,1900-01-00 00:00:00,MTN_4G_45C30F,98:A9:42:45:C3:0F,-25, WPA2 ,0.000000,0.000000,0.000,0.000,AP
2026-07-29 02:13:16,1900-01-00 00:00:00,MTN_4G_45C30F,98:A9:42:45:C3:0F,-30, WPA2 ,0.000000,0.000000,0.000,0.000,AP
2026-07-29 02:13:16,1900-01-00 00:00:00,MTN_4G_45C30F,98:A9:42:45:C3:0F,-25, WPA2 ,0.000000,0.000000,0.000,0.000,AP
2026-07-29 02:13:16,1900-01-00 00:00:00,MTN_4G_45C30F,98:A9:42:45:C3:0F,-30, WPA2 ,0.000000,0.000000,0.000,0.000,AP
2026-07-29 02:13:16,1900-01-00 00:00:00,MTN_4G_45C30F,98:A9:42:45:C3:0F,-29, WPA2 ,0.000000,0.000000,0.000,0.000,AP
2026-07-29 02:13:16,1900-01-00 00:00:00,,5E:EE:FC:DC:AF:21,-32,,0.000000,0.000000,0.000,0.000,Client
2026-07-29 02:13:16,1900-01-00 00:00:00,MTN_4G_45C30F,98:A9:42:45:C3:0F,-29, WPA2 ,0.000000,0.000000,0.000,0.000,AP
2026-07-29 02:13:16,1900-01-00 00:00:00,,5E:EE:FC:DC:AF:21,-32,,0.000000,0.000000,0.000,0.000,Client
2026-07-29 02:13:16,1900-01-00 00:00:00,MTN_4G_45C30F,98:A9:42:45:C3:0F,-29, WPA2 ,0.000000,0.000000,0.000,0.000,AP
2026-07-29 02:13:16,1900-01-00 00:00:00,,5E:EE:FC:DC:AF:21,-33,,0.000000,0.000000,0.000,0.000,Client
2026-07-29 02:13:16,1900-01-00 00:00:00,MTN_4G_45C30F,98:A9:42:45:C3:0F,-25, WPA2 ,0.000000,0.000000,0.000,0.000,AP
2026-07-29 02:13:16,1900-01-00 00:00:00,,5E:EE:FC:DC:AF:21,-32,,0.000000,0.000000,0.000,0.000,Client
2026-07-29 02:13:16,1900-01-00 00:00:00,,5E:EE:FC:DC:AF:21,-32,,0.000000,0.000000,0.000,0.000,Client
2026-07-29 02:13:16,1900-01-00 00:00:00,,5E:EE:FC:DC:AF:21,-32,,0.000000,0.000000,0.000,0.000,Client
2026-07-29 02:13:16,1900-01-00 00:00:00,MTN_4G_45C30F,98:A9:42:45:C3:0F,-29, WPA2 ,0.000000,0.000000,0.000,0.000,AP
2026-07-29 02:13:16,1900-01-00 00:00:00,,5E:EE:FC:DC:AF:21,-32,,0.000000,0.000000,0.000,0.000,Client
2026-07-29 02:13:16,1900-01-00 00:00:00,MTN_4G_45C30F,98:A9:42:45:C3:0F,-25, WPA2 ,0.000000,0.000000,0.000,0.000,AP
2026-07-29 02:13:16,1900-01-00 00:00:00,MTN_4G_45C30F,98:A9:42:45:C3:0F,-30, WPA2 ,0.000000,0.000000,0.000,0.000,AP
2026-07-29 02:13:16,1900-01-00 00:00:00,MTN_4G_45C30F,98:A9:42:45:C3:0F,-30, WPA2 ,0.000000,0.000000,0.000,0.000,AP
2026-07-29 02:13:16,1900-01-00 00:00:00,MTN_4G_45C30F,98:A9:42:45:C3:0F,-30, WPA2 ,0.000000,0.000000,0.000,0.000,AP
2026-07-29 02:13:16,1900-01-00 00:00:00,MTN_4G_45C30F,98:A9:42:45:C3:0F,-30, WPA2 ,0.000000,0.000000,0.000,0.000,AP
2026-07-29 02:13:16,1900-01-00 00:00:00,,5E:EE:FC:DC:AF:21,-30,,0.000000,0.000000,0.000,0.000,Client
2026-07-29 02:13:16,1900-01-00 00:00:00,MTN_4G_45C30F,98:A9:42:45:C3:0F,-29, WPA2 ,0.000000,0.000000,0.000,0.000,AP
2026-07-29 02:13:16,1900-01-00 00:00:00,MTN_4G_45C30F,98:A9:42:45:C3:0F,-25, WPA2 ,0.000000,0.000000,0.000,0.000,AP
2026-07-29 02:13:16,1900-01-00 00:00:00,MTN_4G_45C30F,98:A9:42:45:C3:0F,-29, WPA2 ,0.000000,0.000000,0.000,0.000,AP
2026-07-29 02:13:16,1900-01-00 00:00:00,,5E:EE:FC:DC:AF:21,-30,,0.000000,0.000000,0.000,0.000,Client
2026-07-29 02:13:16,1900-01-00 00:00:00,MTN_4G_45C30F,98:A9:42:45:C3:0F,-25, WPA2 ,0.000000,0.000000,0.000,0.000,AP
2026-07-29 02:13:16,1900-01-00 00:00:00,,5E:EE:FC:DC:AF:21,-30,,0.000000,0.000000,0.000,0.000,Client
2026-07-29 02:13:16,1900-01-00 00:00:00,,5E:EE:FC:DC:AF:21,-30,,0.000000,0.000000,0.000,0.000,Client
2026-07-29 02:13:16,1900-01-00 00:00:00,,5E:EE:FC:DC:AF:21,-30,,0.000000,0.000000,0.000,0.000,Client
2026-07-29 02:13:16,1900-01-00 00:00:00,MTN_4G_45C30F,98:A9:42:45:C3:0F,-29, WPA2 ,0.000000,0.000000,0.000,0.000,AP
2026-07-29 02:13:16,1900-01-00 00:00:00,,5E:EE:FC:DC:AF:21,-30,,0.000000,0.000000,0.000,0.000,Client
2026-07-29 02:13:16,1900-01-00 00:00:00,MTN_4G_45C30F,98:A9:42:45:C3:0F,-29, WPA2 ,0.000000,0.000000,0.000,0.000,AP
2026-07-29 02:13:16,1900-01-00 00:00:00,MTN_4G_45C30F,98:A9:42:45:C3:0F,-29, WPA2 ,0.000000,0.000000,0.000,0.000,AP
2026-07-29 02:13:16,1900-01-00 00:00:00,MTN_4G_45C30F,98:A9:42:45:C3:0F,-29, WPA2 ,0.000000,0.000000,0.000,0.000,AP
2026-07-29 02:13:16,1900-01-00 00:00:00,MTN_4G_45C30F,98:A9:42:45:C3:0F,-29, WPA2 ,0.000000,0.000000,0.000,0.000,AP
2026-07-29 02:13:16,1900-01-00 00:00:00,,5E:EE:FC:DC:AF:21,-30,,0.000000,0.000000,0.000,0.000,Client
2026-07-29 02:13:16,1900-01-00 00:00:00,,5E:EE:FC:DC:AF:21,-30,,0.000000,0.000000,0.000,0.000,Client
2026-07-29 02:13:16,1900-01-00 00:00:00,,5E:EE:FC:DC:AF:21,-30,,0.000000,0.000000,0.000,0.000,Client
2026-07-29 02:13:16,1900-01-00 00:00:00,MTN_4G_45C30F,98:A9:42:45:C3:0F,-25, WPA2 ,0.000000,0.000000,0.000,0.000,AP
2026-07-29 02:13:17,1900-01-00 00:00:00,,5E:EE:FC:DC:AF:21,-31,,0.000000,0.000000,0.000,0.000,Client
2026-07-29 02:13:17,1900-01-00 00:00:00,,5E:EE:FC:DC:AF:21,-31,,0.000000,0.000000,0.000,0.000,Client
2026-07-29 02:13:17,1900-01-00 00:00:00,,5E:EE:FC:DC:AF:21,-31,,0.000000,0.000000,0.000,0.000,Client
2026-07-29 02:13:17,1900-01-00 00:00:00,,5E:EE:FC:DC:AF:21,-30,,0.000000,0.000000,0.000,0.000,Client
2026-07-29 02:13:17,1900-01-00 00:00:00,,5E:EE:FC:DC:AF:21,-30,,0.000000,0.000000,0.000,0.000,Client
2026-07-29 02:13:17,1900-01-00 00:00:00,MTN_4G_45C30F,98:A9:42:45:C3:0F,-25, WPA2 ,0.000000,0.000000,0.000,0.000,AP
2026-07-29 02:13:17,1900-01-00 00:00:00,MTN_4G_45C30F,98:A9:42:45:C3:0F,-29, WPA2 ,0.000000,0.000000,0.000,0.000,AP
2026-07-29 02:13:17,1900-01-00 00:00:00,,5E:EE:FC:DC:AF:21,-30,,0.000000,0.000000,0.000,0.000,Client
2026-07-29 02:13:17,1900-01-00 00:00:00,MTN_4G_45C30F,98:A9:42:45:C3:0F,-29, WPA2 ,0.000000,0.000000,0.000,0.000,AP
2026-07-29 02:13:17,1900-01-00 00:00:00,,5E:EE:FC:DC:AF:21,-30,,0.000000,0.000000,0.000,0.000,Client
2026-07-29 02:13:17,1900-01-00 00:00:00,MTN_4G_45C30F,98:A9:42:45:C3:0F,-29, WPA2 ,0.000000,0.000000,0.000,0.000,AP
2026-07-29 02:13:17,1900-01-00 00:00:00,MTN_4G_45C30F,98:A9:42:45:C3:0F,-29, WPA2 ,0.000000,0.000000,0.000,0.000,AP
2026-07-29 02:13:17,1900-01-00 00:00:00,,5E:EE:FC:DC:AF:21,-30,,0.000000,0.000000,0.000,0.000,Client
2026-07-29 02:13:17,1900-01-00 00:00:00,,5E:EE:FC:DC:AF:21,-30,,0.000000,0.000000,0.000,0.000,Client
2026-07-29 02:13:17,1900-01-00 00:00:00,MTN_4G_45C30F,98:A9:42:45:C3:0F,-29, WPA2 ,0.000000,0.000000,0.000,0.000,AP
2026-07-29 02:13:17,1900-01-00 00:00:00,MTN_4G_45C30F,98:A9:42:45:C3:0F,-29, WPA2 ,0.000000,0.000000,0.000,0.000,AP
2026-07-29 02:13:17,1900-01-00 00:00:00,MTN_4G_45C30F,98:A9:42:45:C3:0F,-29, WPA2 ,0.000000,0.000000,0.000,0.000,AP
2026-07-29 02:13:17,1900-01-00 00:00:00,MTN_4G_45C30F,98:A9:42:45:C3:0F,-29, WPA2 ,0.000000,0.000000,0.000,0.000,AP
2026-07-29 02:13:17,1900-01-00 00:00:00,MTN_4G_45C30F,98:A9:42:45:C3:0F,-29, WPA2 ,0.000000,0.000000,0.000,0.000,AP
2026-07-29 02:13:17,1900-01-00 00:00:00,,5E:EE:FC:DC:AF:21,-30,,0.000000,0.000000,0.000,0.000,Client
2026-07-29 02:13:17,1900-01-00 00:00:00,,5E:EE:FC:DC:AF:21,-30,,0.000000,0.000000,0.000,0.000,Client
2026-07-29 02:13:17,1900-01-00 00:00:00,,5E:EE:FC:DC:AF:21,-30,,0.000000,0.000000,0.000,0.000,Client
2026-07-29 02:13:17,1900-01-00 00:00:00,MTN_4G_45C30F,98:A9:42:45:C3:0F,-25, WPA2 ,0.000000,0.000000,0.000,0.000,AP
2026-07-29 02:13:17,1900-01-00 00:00:00,,5E:EE:FC:DC:AF:21,-30,,0.000000,0.000000,0.000,0.000,Client
2026-07-29 02:13:17,1900-01-00 00:00:00,,5E:EE:FC:DC:AF:21,-31,,0.000000,0.000000,0.000,0.000,Client
2026-07-29 02:13:17,1900-01-00 00:00:00,MTN_4G_45C30F,98:A9:42:45:C3:0F,-29, WPA2 ,0.000000,0.000000,0.000,0.000,AP
2026-07-29 02:13:17,1900-01-00 00:00:00,MTN_4G_45C30F,98:A9:42:45:C3:0F,-29, WPA2 ,0.000000,0.000000,0.000,0.000,AP
2026-07-29 02:13:17,1900-01-00 00:00:00,MTN_4G_45C30F,98:A9:42:45:C3:0F,-29, WPA2 ,0.000000,0.000000,0.000,0.000,AP
2026-07-29 02:13:17,1900-01-00 00:00:00,MTN_4G_45C30F,98:A9:42:45:C3:0F,-29, WPA2 ,0.000000,0.000000,0.000,0.000,AP
2026-07-29 02:13:17,1900-01-00 00:00:00,MTN_4G_45C30F,98:A9:42:45:C3:0F,-29, WPA2 ,0.000000,0.000000,0.000,0.000,AP
2026-07-29 02:13:17,1900-01-00 00:00:00,MTN_4G_45C30F,98:A9:42:45:C3:0F,-29, WPA2 ,0.000000,0.000000,0.000,0.000,AP
2026-07-29 02:13:17,1900-01-00 00:00:00,,5E:EE:FC:DC:AF:21,-31,,0.000000,0.000000,0.000,0.000,Client
2026-07-29 02:13:17,1900-01-00 00:00:00,MTN_4G_45C30F,98:A9:42:45:C3:0F,-25, WPA2 ,0.000000,0.000000,0.000,0.000,AP
2026-07-29 02:13:17,1900-01-00 00:00:00,MTN_4G_45C30F,98:A9:42:45:C3:0F,-30, WPA2 ,0.000000,0.000000,0.000,0.000,AP
2026-07-29 02:13:17,1900-01-00 00:00:00,,5E:EE:FC:DC:AF:21,-31,,0.000000,0.000000,0.000,0.000,Client
2026-07-29 02:13:17,1900-01-00 00:00:00,MTN_4G_45C30F,98:A9:42:45:C3:0F,-29, WPA2 ,0.000000,0.000000,0.000,0.000,AP
2026-07-29 02:13:17,1900-01-00 00:00:00,MTN_4G_45C30F,98:A9:42:45:C3:0F,-29, WPA2 ,0.000000,0.000000,0.000,0.000,AP
2026-07-29 02:13:17,1900-01-00 00:00:00,MTN_4G_45C30F,98:A9:42:45:C3:0F,-29, WPA2 ,0.000000,0.000000,0.000,0.000,AP
2026-07-29 02:13:17,1900-01-00 00:00:00,MTN_4G_45C30F,98:A9:42:45:C3:0F,-29, WPA2 ,0.000000,0.000000,0.000,0.000,AP
2026-07-29 02:13:17,1900-01-00 00:00:00,MTN_4G_45C30F,98:A9:42:45:C3:0F,-29, WPA2 ,0.000000,0.000000,0.000,0.000,AP
2026-07-29 02:13:17,1900-01-00 00:00:00,MTN_4G_45C30F,98:A9:42:45:C3:0F,-29, WPA2 ,0.000000,0.000000,0.000,0.000,AP
2026-07-29 02:13:17,1900-01-00 00:00:00,,5E:EE:FC:DC:AF:21,-31,,0.000000,0.000000,0.000,0.000,Client
2026-07-29 02:13:17,1900-01-00 00:00:00,,5E:EE:FC:DC:AF:21,-31,,0.000000,0.000000,0.000,0.000,Client
2026-07-29 02:13:17,1900-01-00 00:00:00,MTN_4G_45C30F,98:A9:42:45:C3:0F,-25, WPA2 ,0.000000,0.000000,0.000,0.000,AP
2026-07-29 02:13:17,1900-01-00 00:00:00,MTN_4G_45C30F,98:A9:42:45:C3:0F,-25, WPA2 ,0.000000,0.000000,0.000,0.000,AP
2026-07-29 02:13:17,1900-01-00 00:00:00,MTN_4G_45C30F,98:A9:42:45:C3:0F,-25, WPA2 ,0.000000,0.000000,0.000,0.000,AP
2026-07-29 02:13:17,1900-01-00 00:00:00,MTN_4G_45C30F,98:A9:42:45:C3:0F,-29, WPA2 ,0.000000,0.000000,0.000,0.000,AP
2026-07-29 02:13:17,1900-01-00 00:00:00,MTN_4G_45C30F,98:A9:42:45:C3:0F,-29, WPA2 ,0.000000,0.000000,0.000,0.000,AP
2026-07-29 02:13:17,1900-01-00 00:00:00,,5E:EE:FC:DC:AF:21,-32,,0.000000,0.000000,0.000,0.000,Client
2026-07-29 02:13:17,1900-01-00 00:00:00,MTN_4G_45C30F,98:A9:42:45:C3:0F,-25, WPA2 ,0.000000,0.000000,0.000,0.000,AP
2026-07-29 02:13:17,1900-01-00 00:00:00,,5E:EE:FC:DC:AF:21,-32,,0.000000,0.000000,0.000,0.000,Client
2026-07-29 02:13:17,1900-01-00 00:00:00,,5E:EE:FC:DC:AF:21,-32,,0.000000,0.000000,0.000,0.000,Client
2026-07-29 02:13:17,1900-01-00 00:00:00,MTN_4G_45C30F,98:A9:42:45:C3:0F,-29, WPA2 ,0.000000,0.000000,0.000,0.000,AP
2026-07-29 02:13:17,1900-01-00 00:00:00,MTN_4G_45C30F,98:A9:42:45:C3:0F,-25, WPA2 ,0.000000,0.000000,0.000,0.000,AP
2026-07-29 02:13:17,1900-01-00 00:00:00,MTN_4G_45C30F,98:A9:42:45:C3:0F,-29, WPA2 ,0.000000,0.000000,0.000,0.000,AP
2026-07-29 02:13:17,1900-01-00 00:00:00,MTN_4G_45C30F,98:A9:42:45:C3:0F,-25, WPA2 ,0.000000,0.000000,0.000,0.000,AP
2026-07-29 02:13:17,1900-01-00 00:00:00,,5E:EE:FC:DC:AF:21,-33,,0.000000,0.000000,0.000,0.000,Client
2026-07-29 02:13:17,1900-01-00 00:00:00,MTN_4G_45C30F,98:A9:42:45:C3:0F,-30, WPA2 ,0.000000,0.000000,0.000,0.000,AP
2026-07-29 02:13:17,1900-01-00 00:00:00,MTN_4G_45C30F,98:A9:42:45:C3:0F,-25, WPA2 ,0.000000,0.000000,0.000,0.000,AP
2026-07-29 02:13:17,1900-01-00 00:00:00,,5E:EE:FC:DC:AF:21,-30,,0.000000,0.000000,0.000,0.000,Client
2026-07-29 02:13:18,1900-01-00 00:00:00,MTN_4G_45C30F,98:A9:42:45:C3:0F,-25, WPA2 ,0.000000,0.000000,0.000,0.000,AP
2026-07-29 02:13:18,1900-01-00 00:00:00,MTN_4G_45C30F,98:A9:42:45:C3:0F,-25, WPA2 ,0.000000,0.000000,0.000,0.000,AP
2026-07-29 02:13:18,1900-01-00 00:00:00,,5E:EE:FC:DC:AF:21,-32,,0.000000,0.000000,0.000,0.000,Client
2026-07-29 02:13:18,1900-01-00 00:00:00,MTN_4G_45C30F,98:A9:42:45:C3:0F,-29, WPA2 ,0.000000,0.000000,0.000,0.000,AP
2026-07-29 02:13:18,1900-01-00 00:00:00,MTN_4G_45C30F,98:A9:42:45:C3:0F,-29, WPA2 ,0.000000,0.000000,0.000,0.000,AP
2026-07-29 02:13:18,1900-01-00 00:00:00,MTN_4G_45C30F,98:A9:42:45:C3:0F,-29, WPA2 ,0.000000,0.000000,0.000,0.000,AP
2026-07-29 02:13:18,1900-01-00 00:00:00,MTN_4G_45C30F,98:A9:42:45:C3:0F,-29, WPA2 ,0.000000,0.000000,0.000,0.000,AP
2026-07-29 02:13:18,1900-01-00 00:00:00,,5E:EE:FC:DC:AF:21,-34,,0.000000,0.000000,0.000,0.000,Client
2026-07-29 02:13:18,1900-01-00 00:00:00,,5E:EE:FC:DC:AF:21,-35,,0.000000,0.000000,0.000,0.000,Client
2026-07-29 02:13:18,1900-01-00 00:00:00,,5E:EE:FC:DC:AF:21,-35,,0.000000,0.000000,0.000,0.000,Client
2026-07-29 02:13:18,1900-01-00 00:00:00,MTN_4G_45C30F,98:A9:42:45:C3:0F,-25, WPA2 ,0.000000,0.000000,0.000,0.000,AP
2026-07-29 02:13:18,1900-01-00 00:00:00,,5E:EE:FC:DC:AF:21,-35,,0.000000,0.000000,0.000,0.000,Client
2026-07-29 02:13:18,1900-01-00 00:00:00,MTN_4G_45C30F,98:A9:42:45:C3:0F,-29, WPA2 ,0.000000,0.000000,0.000,0.000,AP
2026-07-29 02:13:18,1900-01-00 00:00:00,MTN_4G_45C30F,98:A9:42:45:C3:0F,-29, WPA2 ,0.000000,0.000000,0.000,0.000,AP
2026-07-29 02:13:18,1900-01-00 00:00:00,MTN_4G_45C30F,98:A9:42:45:C3:0F,-29, WPA2 ,0.000000,0.000000,0.000,0.000,AP
2026-07-29 02:13:18,1900-01-00 00:00:00,MTN_4G_45C30F,98:A9:42:45:C3:0F,-29, WPA2 ,0.000000,0.000000,0.000,0.000,AP
2026-07-29 02:13:18,1900-01-00 00:00:00,,5E:EE:FC:DC:AF:21,-35,,0.000000,0.000000,0.000,0.000,Client
2026-07-29 02:13:18,1900-01-00 00:00:00,,5E:EE:FC:DC:AF:21,-35,,0.000000,0.000000,0.000,0.000,Client
2026-07-29 02:13:18,1900-01-00 00:00:00,MTN_4G_45C30F,98:A9:42:45:C3:0F,-25, WPA2 ,0.000000,0.000000,0.000,0.000,AP
2026-07-29 02:13:18,1900-01-00 00:00:00,MTN_4G_45C30F,98:A9:42:45:C3:0F,-29, WPA2 ,0.000000,0.000000,0.000,0.000,AP
2026-07-29 02:13:18,1900-01-00 00:00:00,MTN_4G_45C30F,98:A9:42:45:C3:0F,-25, WPA2 ,0.000000,0.000000,0.000,0.000,AP
2026-07-29 02:13:18,1900-01-00 00:00:00,MTN_4G_45C30F,98:A9:42:45:C3:0F,-25, WPA2 ,0.000000,0.000000,0.000,0.000,AP
2026-07-29 02:13:18,1900-01-00 00:00:00,MTN_4G_45C30F,98:A9:42:45:C3:0F,-25, WPA2 ,0.000000,0.000000,0.000,0.000,AP
2026-07-29 02:13:18,1900-01-00 00:00:00,MTN_4G_45C30F,98:A9:42:45:C3:0F,-25, WPA2 ,0.000000,0.000000,0.000,0.000,AP
2026-07-29 02:13:18,1900-01-00 00:00:00,,5E:EE:FC:DC:AF:21,-32,,0.000000,0.000000,0.000,0.000,Client
2026-07-29 02:13:18,1900-01-00 00:00:00,MTN_4G_45C30F,98:A9:42:45:C3:0F,-25, WPA2 ,0.000000,0.000000,0.000,0.000,AP
2026-07-29 02:13:18,1900-01-00 00:00:00,MTN_4G_45C30F,98:A9:42:45:C3:0F,-25, WPA2 ,0.000000,0.000000,0.000,0.000,AP
2026-07-29 02:13:18,1900-01-00 00:00:00,,5E:EE:FC:DC:AF:21,-35,,0.000000,0.000000,0.000,0.000,Client
2026-07-29 02:13:18,1900-01-00 00:00:00,,5E:EE:FC:DC:AF:21,-35,,0.000000,0.000000,0.000,0.000,Client
2026-07-29 02:13:18,1900-01-00 00:00:00,,5E:EE:FC:DC:AF:21,-32,,0.000000,0.000000,0.000,0.000,Client
2026-07-29 02:13:18,1900-01-00 00:00:00,MTN_4G_45C30F,98:A9:42:45:C3:0F,-24, WPA2 ,0.000000,0.000000,0.000,0.000,AP
2026-07-29 02:13:19,1900-01-00 00:00:00,MTN_4G_45C30F,98:A9:42:45:C3:0F,-25, WPA2 ,0.000000,0.000000,0.000,0.000,AP
2026-07-29 02:13:19,1900-01-00 00:00:00,,5E:EE:FC:DC:AF:21,-32,,0.000000,0.000000,0.000,0.000,Client
2026-07-29 02:13:19,1900-01-00 00:00:00,MTN_4G_45C30F,98:A9:42:45:C3:0F,-25, WPA2 ,0.000000,0.000000,0.000,0.000,AP
2026-07-29 02:13:19,1900-01-00 00:00:00,MTN_4G_45C30F,98:A9:42:45:C3:0F,-24, WPA2 ,0.000000,0.000000,0.000,0.000,AP
2026-07-29 02:13:19,1900-01-00 00:00:00,MTN_4G_45C30F,98:A9:42:45:C3:0F,-24, WPA2 ,0.000000,0.000000,0.000,0.000,AP
2026-07-29 02:13:19,1900-01-00 00:00:00,MTN_4G_45C30F,98:A9:42:45:C3:0F,-25, WPA2 ,0.000000,0.000000,0.000,0.000,AP
2026-07-29 02:13:19,1900-01-00 00:00:00,MTN_4G_45C30F,98:A9:42:45:C3:0F,-25, WPA2 ,0.000000,0.000000,0.000,0.000,AP
2026-07-29 02:13:19,1900-01-00 00:00:00,MTN_4G_45C30F,98:A9:42:45:C3:0F,-25, WPA2 ,0.000000,0.000000,0.000,0.000,AP
2026-07-29 02:13:19,1900-01-00 00:00:00,MTN_4G_45C30F,98:A9:42:45:C3:0F,-25, WPA2 ,0.000000,0.000000,0.000,0.000,AP
2026-07-29 02:13:19,1900-01-00 00:00:00,MTN_4G_45C30F,98:A9:42:45:C3:0F,-25, WPA2 ,0.000000,0.000000,0.000,0.000,AP
2026-07-29 02:13:19,1900-01-00 00:00:00,MTN_4G_45C30F,98:A9:42:45:C3:0F,-25, WPA2 ,0.000000,0.000000,0.000,0.000,AP
2026-07-29 02:13:19,1900-01-00 00:00:00,MTN_4G_45C30F,98:A9:42:45:C3:0F,-25, WPA2 ,0.000000,0.000000,0.000,0.000,AP
2026-07-29 02:13:20,1900-01-00 00:00:00,MTN_4G_45C30F,98:A9:42:45:C3:0F,-25, WPA2 ,0.000000,0.000000,0.000,0.000,AP
2026-07-29 02:13:20,1900-01-00 00:00:00,MTN_4G_45C30F,98:A9:42:45:C3:0F,-25, WPA2 ,0.000000,0.000000,0.000,0.000,AP
2026-07-29 02:13:20,1900-01-00 00:00:00,MTN_4G_45C30F,98:A9:42:45:C3:0F,-25, WPA2 ,0.000000,0.000000,0.000,0.000,AP
2026-07-29 02:13:20,1900-01-00 00:00:00,,5E:EE:FC:DC:AF:21,-34,,0.000000,0.000000,0.000,0.000,Client
2026-07-29 02:13:20,1900-01-00 00:00:00,,5E:EE:FC:DC:AF:21,-34,,0.000000,0.000000,0.000,0.000,Client
2026-07-29 02:13:20,1900-01-00 00:00:00,,5E:EE:FC:DC:AF:21,-34,,0.000000,0.000000,0.000,0.000,Client
2026-07-29 02:13:20,1900-01-00 00:00:00,,5E:EE:FC:DC:AF:21,-32,,0.000000,0.000000,0.000,0.000,Client
2026-07-29 02:13:20,1900-01-00 00:00:00,MTN_4G_45C30F,98:A9:42:45:C3:0F,-29, WPA2 ,0.000000,0.000000,0.000,0.000,AP
2026-07-29 02:13:20,1900-01-00 00:00:00,,5E:EE:FC:DC:AF:21,-34,,0.000000,0.000000,0.000,0.000,Client
2026-07-29 02:13:20,1900-01-00 00:00:00,MTN_4G_45C30F,98:A9:42:45:C3:0F,-29, WPA2 ,0.000000,0.000000,0.000,0.000,AP
2026-07-29 02:13:20,1900-01-00 00:00:00,,5E:EE:FC:DC:AF:21,-34,,0.000000,0.000000,0.000,0.000,Client
2026-07-29 02:13:20,1900-01-00 00:00:00,MTN_4G_45C30F,98:A9:42:45:C3:0F,-29, WPA2 ,0.000000,0.000000,0.000,0.000,AP
2026-07-29 02:13:20,1900-01-00 00:00:00,,5E:EE:FC:DC:AF:21,-34,,0.000000,0.000000,0.000,0.000,Client
2026-07-29 02:13:20,1900-01-00 00:00:00,MTN_4G_45C30F,98:A9:42:45:C3:0F,-25, WPA2 ,0.000000,0.000000,0.000,0.000,AP
2026-07-29 02:13:20,1900-01-00 00:00:00,MTN_4G_45C30F,98:A9:42:45:C3:0F,-29, WPA2 ,0.000000,0.000000,0.000,0.000,AP
2026-07-29 02:13:20,1900-01-00 00:00:00,MTN_4G_45C30F,98:A9:42:45:C3:0F,-29, WPA2 ,0.000000,0.000000,0.000,0.000,AP
2026-07-29 02:13:20,1900-01-00 00:00:00,,5E:EE:FC:DC:AF:21,-34,,0.000000,0.000000,0.000,0.000,Client
2026-07-29 02:13:20,1900-01-00 00:00:00,MTN_4G_45C30F,98:A9:42:45:C3:0F,-25, WPA2 ,0.000000,0.000000,0.000,0.000,AP
2026-07-29 02:13:20,1900-01-00 00:00:00,MTN_4G_45C30F,98:A9:42:45:C3:0F,-26, WPA2 ,0.000000,0.000000,0.000,0.000,AP
2026-07-29 02:13:20,1900-01-00 00:00:00,MTN_4G_45C30F,98:A9:42:45:C3:0F,-25, WPA2 ,0.000000,0.000000,0.000,0.000,AP
2026-07-29 02:13:20,1900-01-00 00:00:00,MTN_4G_45C30F,98:A9:42:45:C3:0F,-25, WPA2 ,0.000000,0.000000,0.000,0.000,AP
2026-07-29 02:13:20,1900-01-00 00:00:00,,5E:EE:FC:DC:AF:21,-31,,0.000000,0.000000,0.000,0.000,Client
2026-07-29 02:13:20,1900-01-00 00:00:00,MTN_4G_45C30F,98:A9:42:45:C3:0F,-25, WPA2 ,0.000000,0.000000,0.000,0.000,AP
2026-07-29 02:13:20,1900-01-00 00:00:00,,5E:EE:FC:DC:AF:21,-33,,0.000000,0.000000,0.000,0.000,Client
2026-07-29 02:13:20,1900-01-00 00:00:00,,5E:EE:FC:DC:AF:21,-31,,0.000000,0.000000,0.000,0.000,Client
2026-07-29 02:13:20,1900-01-00 00:00:00,MTN_4G_45C30F,98:A9:42:45:C3:0F,-25, WPA2 ,0.000000,0.000000,0.000,0.000,AP
2026-07-29 02:13:20,1900-01-00 00:00:00,,5E:EE:FC:DC:AF:21,-33,,0.000000,0.000000,0.000,0.000,Client
2026-07-29 02:13:20,1900-01-00 00:00:00,,5E:EE:FC:DC:AF:21,-33,,0.000000,0.000000,0.000,0.000,Client
2026-07-29 02:13:20,1900-01-00 00:00:00,MTN_4G_45C30F,98:A9:42:45:C3:0F,-29, WPA2 ,0.000000,0.000000,0.000,0.000,AP
2026-07-29 02:13:20,1900-01-00 00:00:00,,5E:EE:FC:DC:AF:21,-33,,0.000000,0.000000,0.000,0.000,Client
2026-07-29 02:13:20,1900-01-00 00:00:00,MTN_4G_45C30F,98:A9:42:45:C3:0F,-25, WPA2 ,0.000000,0.000000,0.000,0.000,AP
2026-07-29 02:13:21,1900-01-00 00:00:00,MTN_4G_45C30F,98:A9:42:45:C3:0F,-25, WPA2 ,0.000000,0.000000,0.000,0.000,AP
2026-07-29 02:13:21,1900-01-00 00:00:00,,5E:EE:FC:DC:AF:21,-33,,0.000000,0.000000,0.000,0.000,Client
2026-07-29 02:13:21,1900-01-00 00:00:00,MTN_4G_45C30F,98:A9:42:45:C3:0F,-29, WPA2 ,0.000000,0.000000,0.000,0.000,AP
2026-07-29 02:13:21,1900-01-00 00:00:00,MTN_4G_45C30F,98:A9:42:45:C3:0F,-25, WPA2 ,0.000000,0.000000,0.000,0.000,AP
2026-07-29 02:13:21,1900-01-00 00:00:00,,5E:EE:FC:DC:AF:21,-33,,0.000000,0.000000,0.000,0.000,Client
2026-07-29 02:13:21,1900-01-00 00:00:00,,5E:EE:FC:DC:AF:21,-33,,0.000000,0.000000,0.000,0.000,Client
2026-07-29 02:13:21,1900-01-00 00:00:00,,5E:EE:FC:DC:AF:21,-33,,0.000000,0.000000,0.000,0.000,Client
2026-07-29 02:13:21,1900-01-00 00:00:00,MTN_4G_45C30F,98:A9:42:45:C3:0F,-25, WPA2 ,0.000000,0.000000,0.000,0.000,AP
2026-07-29 02:13:21,1900-01-00 00:00:00,MTN_4G_45C30F,98:A9:42:45:C3:0F,-29, WPA2 ,0.000000,0.000000,0.000,0.000,AP
2026-07-29 02:13:21,1900-01-00 00:00:00,MTN_4G_45C30F,98:A9:42:45:C3:0F,-29, WPA2 ,0.000000,0.000000,0.000,0.000,AP
2026-07-29 02:13:21,1900-01-00 00:00:00,MTN_4G_45C30F,98:A9:42:45:C3:0F,-29, WPA2 ,0.000000,0.000000,0.000,0.000,AP
2026-07-29 02:13:21,1900-01-00 00:00:00,MTN_4G_45C30F,98:A9:42:45:C3:0F,-29, WPA2 ,0.000000,0.000000,0.000,0.000,AP
2026-07-29 02:13:21,1900-01-00 00:00:00,MTN_4G_45C30F,98:A9:42:45:C3:0F,-29, WPA2 ,0.000000,0.000000,0.000,0.000,AP
2026-07-29 02:13:21,1900-01-00 00:00:00,MTN_4G_45C30F,98:A9:42:45:C3:0F,-29, WPA2 ,0.000000,0.000000,0.000,0.000,AP
2026-07-29 02:13:21,1900-01-00 00:00:00,MTN_4G_45C30F,98:A9:42:45:C3:0F,-25, WPA2 ,0.000000,0.000000,0.000,0.000,AP
2026-07-29 02:13:21,1900-01-00 00:00:00,MTN_4G_45C30F,98:A9:42:45:C3:0F,-25, WPA2 ,0.000000,0.000000,0.000,0.000,AP
2026-07-29 02:13:21,1900-01-00 00:00:00,MTN_4G_45C30F,98:A9:42:45:C3:0F,-25, WPA2 ,0.000000,0.000000,0.000,0.000,AP
2026-07-29 02:13:21,1900-01-00 00:00:00,,5E:EE:FC:DC:AF:21,-32,,0.000000,0.000000,0.000,0.000,Client
2026-07-29 02:13:21,1900-01-00 00:00:00,MTN_4G_45C30F,98:A9:42:45:C3:0F,-29, WPA2 ,0.000000,0.000000,0.000,0.000,AP
2026-07-29 02:13:21,1900-01-00 00:00:00,MTN_4G_45C30F,98:A9:42:45:C3:0F,-29, WPA2 ,0.000000,0.000000,0.000,0.000,AP
2026-07-29 02:13:21,1900-01-00 00:00:00,,5E:EE:FC:DC:AF:21,-32,,0.000000,0.000000,0.000,0.000,Client
2026-07-29 02:13:21,1900-01-00 00:00:00,MTN_4G_45C30F,98:A9:42:45:C3:0F,-25, WPA2 ,0.000000,0.000000,0.000,0.000,AP
2026-07-29 02:13:21,1900-01-00 00:00:00,MTN_4G_45C30F,98:A9:42:45:C3:0F,-29, WPA2 ,0.000000,0.000000,0.000,0.000,AP
2026-07-29 02:13:21,1900-01-00 00:00:00,MTN_4G_45C30F,98:A9:42:45:C3:0F,-25, WPA2 ,0.000000,0.000000,0.000,0.000,AP
2026-07-29 02:13:21,1900-01-00 00:00:00,MTN_4G_45C30F,98:A9:42:45:C3:0F,-29, WPA2 ,0.000000,0.000000,0.000,0.000,AP
2026-07-29 02:13:21,1900-01-00 00:00:00,MTN_4G_45C30F,98:A9:42:45:C3:0F,-29, WPA2 ,0.000000,0.000000,0.000,0.000,AP
2026-07-29 02:13:21,1900-01-00 00:00:00,MTN_4G_45C30F,98:A9:42:45:C3:0F,-25, WPA2 ,0.000000,0.000000,0.000,0.000,AP
2026-07-29 02:13:21,1900-01-00 00:00:00,MTN_4G_45C30F,98:A9:42:45:C3:0F,-29, WPA2 ,0.000000,0.000000,0.000,0.000,AP
2026-07-29 02:13:21,1900-01-00 00:00:00,,5E:EE:FC:DC:AF:21,-32,,0.000000,0.000000,0.000,0.000,Client
2026-07-29 02:13:21,1900-01-00 00:00:00,,5E:EE:FC:DC:AF:21,-32,,0.000000,0.000000,0.000,0.000,Client
2026-07-29 02:13:21,1900-01-00 00:00:00,MTN_4G_45C30F,98:A9:42:45:C3:0F,-25, WPA2 ,0.000000,0.000000,0.000,0.000,AP
2026-07-29 02:13:21,1900-01-00 00:00:00,MTN_4G_45C30F,98:A9:42:45:C3:0F,-29, WPA2 ,0.000000,0.000000,0.000,0.000,AP
2026-07-29 02:13:21,1900-01-00 00:00:00,MTN_4G_45C30F,98:A9:42:45:C3:0F,-25, WPA2 ,0.000000,0.000000,0.000,0.000,AP
2026-07-29 02:13:21,1900-01-00 00:00:00,,5E:EE:FC:DC:AF:21,-33,,0.000000,0.000000,0.000,0.000,Client
2026-07-29 02:13:22,1900-01-00 00:00:00,MTN_4G_45C30F,98:A9:42:45:C3:0F,-29, WPA2 ,0.000000,0.000000,0.000,0.000,AP
2026-07-29 02:13:22,1900-01-00 00:00:00,,5E:EE:FC:DC:AF:21,-33,,0.000000,0.000000,0.000,0.000,Client
2026-07-29 02:13:22,1900-01-00 00:00:00,MTN_4G_45C30F,98:A9:42:45:C3:0F,-25, WPA2 ,0.000000,0.000000,0.000,0.000,AP
2026-07-29 02:13:22,1900-01-00 00:00:00,MTN_4G_45C30F,98:A9:42:45:C3:0F,-29, WPA2 ,0.000000,0.000000,0.000,0.000,AP
2026-07-29 02:13:22,1900-01-00 00:00:00,MTN_4G_45C30F,98:A9:42:45:C3:0F,-29, WPA2 ,0.000000,0.000000,0.000,0.000,AP
2026-07-29 02:13:22,1900-01-00 00:00:00,,5E:EE:FC:DC:AF:21,-33,,0.000000,0.000000,0.000,0.000,Client
2026-07-29 02:13:22,1900-01-00 00:00:00,MTN_4G_45C30F,98:A9:42:45:C3:0F,-29, WPA2 ,0.000000,0.000000,0.000,0.000,AP
2026-07-29 02:13:22,1900-01-00 00:00:00,,5E:EE:FC:DC:AF:21,-33,,0.000000,0.000000,0.000,0.000,Client
2026-07-29 02:13:22,1900-01-00 00:00:00,MTN_4G_45C30F,98:A9:42:45:C3:0F,-29, WPA2 ,0.000000,0.000000,0.000,0.000,AP
2026-07-29 02:13:22,1900-01-00 00:00:00,,5E:EE:FC:DC:AF:21,-33,,0.000000,0.000000,0.000,0.000,Client
2026-07-29 02:13:22,1900-01-00 00:00:00,MTN_4G_45C30F,98:A9:42:45:C3:0F,-29, WPA2 ,0.000000,0.000000,0.000,0.000,AP
2026-07-29 02:13:22,1900-01-00 00:00:00,,5E:EE:FC:DC:AF:21,-33,,0.000000,0.000000,0.000,0.000,Client
2026-07-29 02:13:22,1900-01-00 00:00:00,MTN_4G_45C30F,98:A9:42:45:C3:0F,-29, WPA2 ,0.000000,0.000000,0.000,0.000,AP
2026-07-29 02:13:22,1900-01-00 00:00:00,MTN_4G_45C30F,98:A9:42:45:C3:0F,-25, WPA2 ,0.000000,0.000000,0.000,0.000,AP
2026-07-29 02:13:22,1900-01-00 00:00:00,,5E:EE:FC:DC:AF:21,-33,,0.000000,0.000000,0.000,0.000,Client
2026-07-29 02:13:22,1900-01-00 00:00:00,MTN_4G_45C30F,98:A9:42:45:C3:0F,-29, WPA2 ,0.000000,0.000000,0.000,0.000,AP
2026-07-29 02:13:22,1900-01-00 00:00:00,,5E:EE:FC:DC:AF:21,-33,,0.000000,0.000000,0.000,0.000,Client
2026-07-29 02:13:22,1900-01-00 00:00:00,MTN_4G_45C30F,98:A9:42:45:C3:0F,-29, WPA2 ,0.000000,0.000000,0.000,0.000,AP
2026-07-29 02:13:22,1900-01-00 00:00:00,,5E:EE:FC:DC:AF:21,-33,,0.000000,0.000000,0.000,0.000,Client
2026-07-29 02:13:22,1900-01-00 00:00:00,,5E:EE:FC:DC:AF:21,-33,,0.000000,0.000000,0.000,0.000,Client
2026-07-29 02:13:22,1900-01-00 00:00:00,MTN_4G_45C30F,98:A9:42:45:C3:0F,-25, WPA2 ,0.000000,0.000000,0.000,0.000,AP
2026-07-29 02:13:22,1900-01-00 00:00:00,MTN_4G_45C30F,98:A9:42:45:C3:0F,-29, WPA2 ,0.000000,0.000000,0.000,0.000,AP
2026-07-29 02:13:22,1900-01-00 00:00:00,,5E:EE:FC:DC:AF:21,-33,,0.000000,0.000000,0.000,0.000,Client
2026-07-29 02:13:22,1900-01-00 00:00:00,,5E:EE:FC:DC:AF:21,-33,,0.000000,0.000000,0.000,0.000,Client
2026-07-29 02:13:22,1900-01-00 00:00:00,MTN_4G_45C30F,98:A9:42:45:C3:0F,-29, WPA2 ,0.000000,0.000000,0.000,0.000,AP
2026-07-29 02:13:22,1900-01-00 00:00:00,MTN_4G_45C30F,98:A9:42:45:C3:0F,-29, WPA2 ,0.000000,0.000000,0.000,0.000,AP
2026-07-29 02:13:22,1900-01-00 00:00:00,,5E:EE:FC:DC:AF:21,-33,,0.000000,0.000000,0.000,0.000,Client
2026-07-29 02:13:22,1900-01-00 00:00:00,,5E:EE:FC:DC:AF:21,-33,,0.000000,0.000000,0.000,0.000,Client
2026-07-29 02:13:22,1900-01-00 00:00:00,MTN_4G_45C30F,98:A9:42:45:C3:0F,-25, WPA2 ,0.000000,0.000000,0.000,0.000,AP
2026-07-29 02:13:22,1900-01-00 00:00:00,MTN_4G_45C30F,98:A9:42:45:C3:0F,-25, WPA2 ,0.000000,0.000000,0.000,0.000,AP
2026-07-29 02:13:22,1900-01-00 00:00:00,MTN_4G_45C30F,98:A9:42:45:C3:0F,-25, WPA2 ,0.000000,0.000000,0.000,0.000,AP
2026-07-29 02:13:22,1900-01-00 00:00:00,MTN_4G_45C30F,98:A9:42:45:C3:0F,-29, WPA2 ,0.000000,0.000000,0.000,0.000,AP
2026-07-29 02:13:22,1900-01-00 00:00:00,,5E:EE:FC:DC:AF:21,-33,,0.000000,0.000000,0.000,0.000,Client
2026-07-29 02:13:22,1900-01-00 00:00:00,MTN_4G_45C30F,98:A9:42:45:C3:0F,-25, WPA2 ,0.000000,0.000000,0.000,0.000,AP
2026-07-29 02:13:22,1900-01-00 00:00:00,MTN_4G_45C30F,98:A9:42:45:C3:0F,-29, WPA2 ,0.000000,0.000000,0.000,0.000,AP
2026-07-29 02:13:22,1900-01-00 00:00:00,,5E:EE:FC:DC:AF:21,-33,,0.000000,0.000000,0.000,0.000,Client
2026-07-29 02:13:22,1900-01-00 00:00:00,MTN_4G_45C30F,98:A9:42:45:C3:0F,-29, WPA2 ,0.000000,0.000000,0.000,0.000,AP
2026-07-29 02:13:22,1900-01-00 00:00:00,,5E:EE:FC:DC:AF:21,-33,,0.000000,0.000000,0.000,0.000,Client
2026-07-29 02:13:22,1900-01-00 00:00:00,MTN_4G_45C30F,98:A9:42:45:C3:0F,-29, WPA2 ,0.000000,0.000000,0.000,0.000,AP
2026-07-29 02:13:22,1900-01-00 00:00:00,,5E:EE:FC:DC:AF:21,-33,,0.000000,0.000000,0.000,0.000,Client
2026-07-29 02:13:22,1900-01-00 00:00:00,MTN_4G_45C30F,98:A9:42:45:C3:0F,-29, WPA2 ,0.000000,0.000000,0.000,0.000,AP
2026-07-29 02:13:22,1900-01-00 00:00:00,,5E:EE:FC:DC:AF:21,-32,,0.000000,0.000000,0.000,0.000,Client
2026-07-29 02:13:22,1900-01-00 00:00:00,,5E:EE:FC:DC:AF:21,-32,,0.000000,0.000000,0.000,0.000,Client
2026-07-29 02:13:22,1900-01-00 00:00:00,,5E:EE:FC:DC:AF:21,-32,,0.000000,0.000000,0.000,0.000,Client
2026-07-29 02:13:22,1900-01-00 00:00:00,MTN_4G_45C30F,98:A9:42:45:C3:0F,-25, WPA2 ,0.000000,0.000000,0.000,0.000,AP
2026-07-29 02:13:22,1900-01-00 00:00:00,MTN_4G_45C30F,98:A9:42:45:C3:0F,-25, WPA2 ,0.000000,0.000000,0.000,0.000,AP
2026-07-29 02:13:22,1900-01-00 00:00:00,,5E:EE:FC:DC:AF:21,-30,,0.000000,0.000000,0.000,0.000,Client
2026-07-29 02:13:22,1900-01-00 00:00:00,,5E:EE:FC:DC:AF:21,-32,,0.000000,0.000000,0.000,0.000,Client
2026-07-29 02:13:22,1900-01-00 00:00:00,,5E:EE:FC:DC:AF:21,-32,,0.000000,0.000000,0.000,0.000,Client
2026-07-29 02:13:22,1900-01-00 00:00:00,,5E:EE:FC:DC:AF:21,-30,,0.000000,0.000000,0.000,0.000,Client
2026-07-29 02:13:22,1900-01-00 00:00:00,MTN_4G_45C30F,98:A9:42:45:C3:0F,-29, WPA2 ,0.000000,0.000000,0.000,0.000,AP
2026-07-29 02:13:22,1900-01-00 00:00:00,MTN_4G_45C30F,98:A9:42:45:C3:0F,-29, WPA2 ,0.000000,0.000000,0.000,0.000,AP
2026-07-29 02:13:22,1900-01-00 00:00:00,,5E:EE:FC:DC:AF:21,-33,,0.000000,0.000000,0.000,0.000,Client
2026-07-29 02:13:22,1900-01-00 00:00:00,MTN_4G_45C30F,98:A9:42:45:C3:0F,-25, WPA2 ,0.000000,0.000000,0.000,0.000,AP
2026-07-29 02:13:23,1900-01-00 00:00:00,MTN_4G_45C30F,98:A9:42:45:C3:0F,-29, WPA2 ,0.000000,0.000000,0.000,0.000,AP
2026-07-29 02:13:23,1900-01-00 00:00:00,,5E:EE:FC:DC:AF:21,-33,,0.000000,0.000000,0.000,0.000,Client
2026-07-29 02:13:23,1900-01-00 00:00:00,MTN_4G_45C30F,98:A9:42:45:C3:0F,-25, WPA2 ,0.000000,0.000000,0.000,0.000,AP
2026-07-29 02:13:23,1900-01-00 00:00:00,MTN_4G_45C30F,98:A9:42:45:C3:0F,-25, WPA2 ,0.000000,0.000000,0.000,0.000,AP
2026-07-29 02:13:23,1900-01-00 00:00:00,MTN_4G_45C30F,98:A9:42:45:C3:0F,-25, WPA2 ,0.000000,0.000000,0.000,0.000,AP
2026-07-29 02:13:23,1900-01-00 00:00:00,,5E:EE:FC:DC:AF:21,-35,,0.000000,0.000000,0.000,0.000,Client
2026-07-29 02:13:23,1900-01-00 00:00:00,MTN_4G_45C30F,98:A9:42:45:C3:0F,-25, WPA2 ,0.000000,0.000000,0.000,0.000,AP
2026-07-29 02:13:23,1900-01-00 00:00:00,MTN_4G_45C30F,98:A9:42:45:C3:0F,-25, WPA2 ,0.000000,0.000000,0.000,0.000,AP
2026-07-29 02:13:23,1900-01-00 00:00:00,,5E:EE:FC:DC:AF:21,-33,,0.000000,0.000000,0.000,0.000,Client
2026-07-29 02:13:23,1900-01-00 00:00:00,MTN_4G_45C30F,98:A9:42:45:C3:0F,-30, WPA2 ,0.000000,0.000000,0.000,0.000,AP
2026-07-29 02:13:23,1900-01-00 00:00:00,MTN_4G_45C30F,98:A9:42:45:C3:0F,-30, WPA2 ,0.000000,0.000000,0.000,0.000,AP
2026-07-29 02:13:23,1900-01-00 00:00:00,MTN_4G_45C30F,98:A9:42:45:C3:0F,-30, WPA2 ,0.000000,0.000000,0.000,0.000,AP
2026-07-29 02:13:23,1900-01-00 00:00:00,MTN_4G_45C30F,98:A9:42:45:C3:0F,-30, WPA2 ,0.000000,0.000000,0.000,0.000,AP
2026-07-29 02:13:23,1900-01-00 00:00:00,,5E:EE:FC:DC:AF:21,-36,,0.000000,0.000000,0.000,0.000,Client
2026-07-29 02:13:23,1900-01-00 00:00:00,,5E:EE:FC:DC:AF:21,-36,,0.000000,0.000000,0.000,0.000,Client
2026-07-29 02:13:23,1900-01-00 00:00:00,,5E:EE:FC:DC:AF:21,-36,,0.000000,0.000000,0.000,0.000,Client
2026-07-29 02:13:23,1900-01-00 00:00:00,,5E:EE:FC:DC:AF:21,-35,,0.000000,0.000000,0.000,0.000,Client
2026-07-29 02:13:23,1900-01-00 00:00:00,MTN_4G_45C30F,98:A9:42:45:C3:0F,-26, WPA2 ,0.000000,0.000000,0.000,0.000,AP
2026-07-29 02:13:23,1900-01-00 00:00:00,MTN_4G_45C30F,98:A9:42:45:C3:0F,-25, WPA2 ,0.000000,0.000000,0.000,0.000,AP
2026-07-29 02:13:23,1900-01-00 00:00:00,MTN_4G_45C30F,98:A9:42:45:C3:0F,-26, WPA2 ,0.000000,0.000000,0.000,0.000,AP
2026-07-29 02:13:23,1900-01-00 00:00:00,MTN_4G_45C30F,98:A9:42:45:C3:0F,-25, WPA2 ,0.000000,0.000000,0.000,0.000,AP
2026-07-29 02:13:23,1900-01-00 00:00:00,MTN_4G_45C30F,98:A9:42:45:C3:0F,-31, WPA2 ,0.000000,0.000000,0.000,0.000,AP
2026-07-29 02:13:23,1900-01-00 00:00:00,,5E:EE:FC:DC:AF:21,-34,,0.000000,0.000000,0.000,0.000,Client
2026-07-29 02:13:23,1900-01-00 00:00:00,,5E:EE:FC:DC:AF:21,-34,,0.000000,0.000000,0.000,0.000,Client
2026-07-29 02:13:23,1900-01-00 00:00:00,MTN_4G_45C30F,98:A9:42:45:C3:0F,-26, WPA2 ,0.000000,0.000000,0.000,0.000,AP
2026-07-29 02:13:23,1900-01-00 00:00:00,MTN_4G_45C30F,98:A9:42:45:C3:0F,-26, WPA2 ,0.000000,0.000000,0.000,0.000,AP
2026-07-29 02:13:24,1900-01-00 00:00:00,,5E:EE:FC:DC:AF:21,-37,,0.000000,0.000000,0.000,0.000,Client
2026-07-29 02:13:24,1900-01-00 00:00:00,MTN_4G_45C30F,98:A9:42:45:C3:0F,-26, WPA2 ,0.000000,0.000000,0.000,0.000,AP
2026-07-29 02:13:24,1900-01-00 00:00:00,MTN_4G_45C30F,98:A9:42:45:C3:0F,-25, WPA2 ,0.000000,0.000000,0.000,0.000,AP
2026-07-29 02:13:24,1900-01-00 00:00:00,MTN_4G_45C30F,98:A9:42:45:C3:0F,-25, WPA2 ,0.000000,0.000000,0.000,0.000,AP
2026-07-29 02:13:24,1900-01-00 00:00:00,,5E:EE:FC:DC:AF:21,-38,,0.000000,0.000000,0.000,0.000,Client
2026-07-29 02:13:24,1900-01-00 00:00:00,MTN_4G_45C30F,98:A9:42:45:C3:0F,-30, WPA2 ,0.000000,0.000000,0.000,0.000,AP
2026-07-29 02:13:24,1900-01-00 00:00:00,MTN_4G_45C30F,98:A9:42:45:C3:0F,-30, WPA2 ,0.000000,0.000000,0.000,0.000,AP
2026-07-29 02:13:24,1900-01-00 00:00:00,,5E:EE:FC:DC:AF:21,-40,,0.000000,0.000000,0.000,0.000,Client
2026-07-29 02:13:24,1900-01-00 00:00:00,,5E:EE:FC:DC:AF:21,-40,,0.000000,0.000000,0.000,0.000,Client
2026-07-29 02:13:24,1900-01-00 00:00:00,,5E:EE:FC:DC:AF:21,-40,,0.000000,0.000000,0.000,0.000,Client
2026-07-29 02:13:24,1900-01-00 00:00:00,,5E:EE:FC:DC:AF:21,-40,,0.000000,0.000000,0.000,0.000,Client
2026-07-29 02:13:24,1900-01-00 00:00:00,MTN_4G_45C30F,98:A9:42:45:C3:0F,-25, WPA2 ,0.000000,0.000000,0.000,0.000,AP
2026-07-29 02:13:24,1900-01-00 00:00:00,MTN_4G_45C30F,98:A9:42:45:C3:0F,-25, WPA2 ,0.000000,0.000000,0.000,0.000,AP
2026-07-29 02:13:24,1900-01-00 00:00:00,MTN_4G_45C30F,98:A9:42:45:C3:0F,-25, WPA2 ,0.000000,0.000000,0.000,0.000,AP
2026-07-29 02:13:24,1900-01-00 00:00:00,MTN_4G_45C30F,98:A9:42:45:C3:0F,-25, WPA2 ,0.000000,0.000000,0.000,0.000,AP
2026-07-29 02:13:24,1900-01-00 00:00:00,MTN_4G_45C30F,98:A9:42:45:C3:0F,-29, WPA2 ,0.000000,0.000000,0.000,0.000,AP
2026-07-29 02:13:24,1900-01-00 00:00:00,MTN_4G_45C30F,98:A9:42:45:C3:0F,-29, WPA2 ,0.000000,0.000000,0.000,0.000,AP
2026-07-29 02:13:24,1900-01-00 00:00:00,MTN_4G_45C30F,98:A9:42:45:C3:0F,-29, WPA2 ,0.000000,0.000000,0.000,0.000,AP
2026-07-29 02:13:24,1900-01-00 00:00:00,,5E:EE:FC:DC:AF:21,-35,,0.000000,0.000000,0.000,0.000,Client
2026-07-29 02:13:24,1900-01-00 00:00:00,MTN_4G_45C30F,98:A9:42:45:C3:0F,-29, WPA2 ,0.000000,0.000000,0.000,0.000,AP
2026-07-29 02:13:24,1900-01-00 00:00:00,,5E:EE:FC:DC:AF:21,-35,,0.000000,0.000000,0.000,0.000,Client
2026-07-29 02:13:24,1900-01-00 00:00:00,MTN_4G_45C30F,98:A9:42:45:C3:0F,-25, WPA2 ,0.000000,0.000000,0.000,0.000,AP
2026-07-29 02:13:24,1900-01-00 00:00:00,MTN_4G_45C30F,98:A9:42:45:C3:0F,-25, WPA2 ,0.000000,0.000000,0.000,0.000,AP
2026-07-29 02:13:24,1900-01-00 00:00:00,,5E:EE:FC:DC:AF:21,-33,,0.000000,0.000000,0.000,0.000,Client
2026-07-29 02:13:24,1900-01-00 00:00:00,MTN_4G_45C30F,98:A9:42:45:C3:0F,-25, WPA2 ,0.000000,0.000000,0.000,0.000,AP
2026-07-29 02:13:24,1900-01-00 00:00:00,,5E:EE:FC:DC:AF:21,-35,,0.000000,0.000000,0.000,0.000,Client
2026-07-29 02:13:24,1900-01-00 00:00:00,,5E:EE:FC:DC:AF:21,-35,,0.000000,0.000000,0.000,0.000,Client
2026-07-29 02:13:24,1900-01-00 00:00:00,,5E:EE:FC:DC:AF:21,-33,,0.000000,0.000000,0.000,0.000,Client
2026-07-29 02:13:24,1900-01-00 00:00:00,MTN_4G_45C30F,98:A9:42:45:C3:0F,-25, WPA2 ,0.000000,0.000000,0.000,0.000,AP
2026-07-29 02:13:25,1900-01-00 00:00:00,MTN_4G_45C30F,98:A9:42:45:C3:0F,-25, WPA2 ,0.000000,0.000000,0.000,0.000,AP
2026-07-29 02:13:25,1900-01-00 00:00:00,,5E:EE:FC:DC:AF:21,-33,,0.000000,0.000000,0.000,0.000,Client
2026-07-29 02:13:25,1900-01-00 00:00:00,MTN_4G_45C30F,98:A9:42:45:C3:0F,-25, WPA2 ,0.000000,0.000000,0.000,0.000,AP
2026-07-29 02:13:25,1900-01-00 00:00:00,,5E:EE:FC:DC:AF:21,-35,,0.000000,0.000000,0.000,0.000,Client
2026-07-29 02:13:25,1900-01-00 00:00:00,,5E:EE:FC:DC:AF:21,-33,,0.000000,0.000000,0.000,0.000,Client
2026-07-29 02:13:25,1900-01-00 00:00:00,MTN_4G_45C30F,98:A9:42:45:C3:0F,-25, WPA2 ,0.000000,0.000000,0.000,0.000,AP
2026-07-29 02:13:25,1900-01-00 00:00:00,MTN_4G_45C30F,98:A9:42:45:C3:0F,-29, WPA2 ,0.000000,0.000000,0.000,0.000,AP
2026-07-29 02:13:25,1900-01-00 00:00:00,,5E:EE:FC:DC:AF:21,-35,,0.000000,0.000000,0.000,0.000,Client
2026-07-29 02:13:25,1900-01-00 00:00:00,MTN_4G_45C30F,98:A9:42:45:C3:0F,-25, WPA2 ,0.000000,0.000000,0.000,0.000,AP
2026-07-29 02:13:25,1900-01-00 00:00:00,MTN_4G_45C30F,98:A9:42:45:C3:0F,-29, WPA2 ,0.000000,0.000000,0.000,0.000,AP
2026-07-29 02:13:25,1900-01-00 00:00:00,,5E:EE:FC:DC:AF:21,-34,,0.000000,0.000000,0.000,0.000,Client
2026-07-29 02:13:25,1900-01-00 00:00:00,,5E:EE:FC:DC:AF:21,-35,,0.000000,0.000000,0.000,0.000,Client
2026-07-29 02:13:25,1900-01-00 00:00:00,,5E:EE:FC:DC:AF:21,-36,,0.000000,0.000000,0.000,0.000,Client
2026-07-29 02:13:25,1900-01-00 00:00:00,MTN_4G_45C30F,98:A9:42:45:C3:0F,-25, WPA2 ,0.000000,0.000000,0.000,0.000,AP
2026-07-29 02:13:25,1900-01-00 00:00:00,MTN_4G_45C30F,98:A9:42:45:C3:0F,-29, WPA2 ,0.000000,0.000000,0.000,0.000,AP
2026-07-29 02:13:25,1900-01-00 00:00:00,MTN_4G_45C30F,98:A9:42:45:C3:0F,-25, WPA2 ,0.000000,0.000000,0.000,0.000,AP
2026-07-29 02:13:25,1900-01-00 00:00:00,MTN_4G_45C30F,98:A9:42:45:C3:0F,-29, WPA2 ,0.000000,0.000000,0.000,0.000,AP
2026-07-29 02:13:25,1900-01-00 00:00:00,MTN_4G_45C30F,98:A9:42:45:C3:0F,-25, WPA2 ,0.000000,0.000000,0.000,0.000,AP
2026-07-29 02:13:25,1900-01-00 00:00:00,MTN_4G_45C30F,98:A9:42:45:C3:0F,-25, WPA2 ,0.000000,0.000000,0.000,0.000,AP
2026-07-29 02:13:25,1900-01-00 00:00:00,,5E:EE:FC:DC:AF:21,-38,,0.000000,0.000000,0.000,0.000,Client
2026-07-29 02:13:25,1900-01-00 00:00:00,MTN_4G_45C30F,98:A9:42:45:C3:0F,-25, WPA2 ,0.000000,0.000000,0.000,0.000,AP
2026-07-29 02:13:25,1900-01-00 00:00:00,MTN_4G_45C30F,98:A9:42:45:C3:0F,-29, WPA2 ,0.000000,0.000000,0.000,0.000,AP
2026-07-29 02:13:25,1900-01-00 00:00:00,MTN_4G_45C30F,98:A9:42:45:C3:0F,-25, WPA2 ,0.000000,0.000000,0.000,0.000,AP
2026-07-29 02:13:25,1900-01-00 00:00:00,,5E:EE:FC:DC:AF:21,-34,,0.000000,0.000000,0.000,0.000,Client
2026-07-29 02:13:25,1900-01-00 00:00:00,MTN_4G_45C30F,98:A9:42:45:C3:0F,-25, WPA2 ,0.000000,0.000000,0.000,0.000,AP
2026-07-29 02:13:25,1900-01-00 00:00:00,MTN_4G_45C30F,98:A9:42:45:C3:0F,-25, WPA2 ,0.000000,0.000000,0.000,0.000,AP
2026-07-29 02:13:26,1900-01-00 00:00:00,MTN_4G_45C30F,98:A9:42:45:C3:0F,-25, WPA2 ,0.000000,0.000000,0.000,0.000,AP
2026-07-29 02:13:26,1900-01-00 00:00:00,MTN_4G_45C30F,98:A9:42:45:C3:0F,-25, WPA2 ,0.000000,0.000000,0.000,0.000,AP
2026-07-29 02:13:26,1900-01-00 00:00:00,,5E:EE:FC:DC:AF:21,-33,,0.000000,0.000000,0.000,0.000,Client
2026-07-29 02:13:26,1900-01-00 00:00:00,MTN_4G_45C30F,98:A9:42:45:C3:0F,-29, WPA2 ,0.000000,0.000000,0.000,0.000,AP
2026-07-29 02:13:26,1900-01-00 00:00:00,MTN_4G_45C30F,98:A9:42:45:C3:0F,-25, WPA2 ,0.000000,0.000000,0.000,0.000,AP
2026-07-29 02:13:26,1900-01-00 00:00:00,MTN_4G_45C30F,98:A9:42:45:C3:0F,-29, WPA2 ,0.000000,0.000000,0.000,0.000,AP
2026-07-29 02:13:26,1900-01-00 00:00:00,MTN_4G_45C30F,98:A9:42:45:C3:0F,-29, WPA2 ,0.000000,0.000000,0.000,0.000,AP
2026-07-29 02:13:26,1900-01-00 00:00:00,,5E:EE:FC:DC:AF:21,-36,,0.000000,0.000000,0.000,0.000,Client
2026-07-29 02:13:26,1900-01-00 00:00:00,,5E:EE:FC:DC:AF:21,-36,,0.000000,0.000000,0.000,0.000,Client
2026-07-29 02:13:26,1900-01-00 00:00:00,MTN_4G_45C30F,98:A9:42:45:C3:0F,-25, WPA2 ,0.000000,0.000000,0.000,0.000,AP
2026-07-29 02:13:26,1900-01-00 00:00:00,MTN_4G_45C30F,98:A9:42:45:C3:0F,-25, WPA2 ,0.000000,0.000000,0.000,0.000,AP
2026-07-29 02:13:26,1900-01-00 00:00:00,MTN_4G_45C30F,98:A9:42:45:C3:0F,-25, WPA2 ,0.000000,0.000000,0.000,0.000,AP
2026-07-29 02:13:26,1900-01-00 00:00:00,,5E:EE:FC:DC:AF:21,-25,,0.000000,0.000000,0.000,0.000,Client
2026-07-29 02:13:26,1900-01-00 00:00:00,MTN_4G_45C30F,98:A9:42:45:C3:0F,-25, WPA2 ,0.000000,0.000000,0.000,0.000,AP
2026-07-29 02:13:26,1900-01-00 00:00:00,MTN_4G_45C30F,98:A9:42:45:C3:0F,-25, WPA2 ,0.000000,0.000000,0.000,0.000,AP
2026-07-29 02:13:26,1900-01-00 00:00:00,,5E:EE:FC:DC:AF:21,-40,,0.000000,0.000000,0.000,0.000,Client
2026-07-29 02:13:26,1900-01-00 00:00:00,,5E:EE:FC:DC:AF:21,-40,,0.000000,0.000000,0.000,0.000,Client
2026-07-29 02:13:26,1900-01-00 00:00:00,,5E:EE:FC:DC:AF:21,-37,,0.000000,0.000000,0.000,0.000,Client
2026-07-29 02:13:26,1900-01-00 00:00:00,MTN_4G_45C30F,98:A9:42:45:C3:0F,-29, WPA2 ,0.000000,0.000000,0.000,0.000,AP
2026-07-29 02:13:26,1900-01-00 00:00:00,MTN_4G_45C30F,98:A9:42:45:C3:0F,-25, WPA2 ,0.000000,0.000000,0.000,0.000,AP
2026-07-29 02:13:27,1900-01-00 00:00:00,MTN_4G_45C30F,98:A9:42:45:C3:0F,-25, WPA2 ,0.000000,0.000000,0.000,0.000,AP
2026-07-29 02:13:27,1900-01-00 00:00:00,,5E:EE:FC:DC:AF:21,-36,,0.000000,0.000000,0.000,0.000,Client
2026-07-29 02:13:27,1900-01-00 00:00:00,MTN_4G_45C30F,98:A9:42:45:C3:0F,-25, WPA2 ,0.000000,0.000000,0.000,0.000,AP
2026-07-29 02:13:27,1900-01-00 00:00:00,MTN_4G_45C30F,98:A9:42:45:C3:0F,-25, WPA2 ,0.000000,0.000000,0.000,0.000,AP
2026-07-29 02:13:27,1900-01-00 00:00:00,MTN_4G_45C30F,98:A9:42:45:C3:0F,-25, WPA2 ,0.000000,0.000000,0.000,0.000,AP
2026-07-29 02:13:27,1900-01-00 00:00:00,MTN_4G_45C30F,98:A9:42:45:C3:0F,-24, WPA2 ,0.000000,0.000000,0.000,0.000,AP
2026-07-29 02:13:27,1900-01-00 00:00:00,MTN_4G_45C30F,98:A9:42:45:C3:0F,-25, WPA2 ,0.000000,0.000000,0.000,0.000,AP
2026-07-29 02:13:27,1900-01-00 00:00:00,MTN_4G_45C30F,98:A9:42:45:C3:0F,-25, WPA2 ,0.000000,0.000000,0.000,0.000,AP
2026-07-29 02:13:27,1900-01-00 00:00:00,MTN_4G_45C30F,98:A9:42:45:C3:0F,-25, WPA2 ,0.000000,0.000000,0.000,0.000,AP
2026-07-29 02:13:27,1900-01-00 00:00:00,MTN_4G_45C30F,98:A9:42:45:C3:0F,-25, WPA2 ,0.000000,0.000000,0.000,0.000,AP
2026-07-29 02:13:27,1900-01-00 00:00:00,MTN_4G_45C30F,98:A9:42:45:C3:0F,-25, WPA2 ,0.000000,0.000000,0.000,0.000,AP
2026-07-29 02:13:27,1900-01-00 00:00:00,MTN_4G_45C30F,98:A9:42:45:C3:0F,-25, WPA2 ,0.000000,0.000000,0.000,0.000,AP
2026-07-29 02:13:28,1900-01-00 00:00:00,MTN_4G_45C30F,98:A9:42:45:C3:0F,-25, WPA2 ,0.000000,0.000000,0.000,0.000,AP
2026-07-29 02:13:28,1900-01-00 00:00:00,MTN_4G_45C30F,98:A9:42:45:C3:0F,-25, WPA2 ,0.000000,0.000000,0.000,0.000,AP
2026-07-29 02:13:28,1900-01-00 00:00:00,MTN_4G_45C30F,98:A9:42:45:C3:0F,-25, WPA2 ,0.000000,0.000000,0.000,0.000,AP
2026-07-29 02:13:28,1900-01-00 00:00:00,MTN_4G_45C30F,98:A9:42:45:C3:0F,-25, WPA2 ,0.000000,0.000000,0.000,0.000,AP
2026-07-29 02:13:28,1900-01-00 00:00:00,MTN_4G_45C30F,98:A9:42:45:C3:0F,-25, WPA2 ,0.000000,0.000000,0.000,0.000,AP
2026-07-29 02:13:28,1900-01-00 00:00:00,MTN_4G_45C30F,98:A9:42:45:C3:0F,-25, WPA2 ,0.000000,0.000000,0.000,0.000,AP
2026-07-29 02:13:28,1900-01-00 00:00:00,,5E:EE:FC:DC:AF:21,-32,,0.000000,0.000000,0.000,0.000,Client
2026-07-29 02:13:28,1900-01-00 00:00:00,MTN_4G_45C30F,98:A9:42:45:C3:0F,-29, WPA2 ,0.000000,0.000000,0.000,0.000,AP
2026-07-29 02:13:28,1900-01-00 00:00:00,MTN_4G_45C30F,98:A9:42:45:C3:0F,-29, WPA2 ,0.000000,0.000000,0.000,0.000,AP
2026-07-29 02:13:28,1900-01-00 00:00:00,MTN_4G_45C30F,98:A9:42:45:C3:0F,-25, WPA2 ,0.000000,0.000000,0.000,0.000,AP
2026-07-29 02:13:28,1900-01-00 00:00:00,MTN_4G_45C30F,98:A9:42:45:C3:0F,-26, WPA2 ,0.000000,0.000000,0.000,0.000,AP
2026-07-29 02:13:28,1900-01-00 00:00:00,MTN_4G_45C30F,98:A9:42:45:C3:0F,-25, WPA2 ,0.000000,0.000000,0.000,0.000,AP
